Timestamp,T_avg,Idir,Idiff,RH
2016-06-22 00:00:00,21.2625,0.0,0.0,67.33333333333333
2016-06-22 01:00:00,20.554166666666667,0.0,0.0,70.25
2016-06-22 02:00:00,20.00416666666667,0.0,0.0,71.41666666666667
2016-06-22 03:00:00,19.625,0.0,0.0,73.58333333333333
2016-06-22 04:00:00,19.329166666666666,0.0,0.0,74.75
2016-06-22 05:00:00,19.254166666666666,21.0,18.833333333333332,75.75
2016-06-22 06:00:00,20.087500000000002,108.5,68.25,74.5
2016-06-22 07:00:00,22.233333333333334,16.833333333333332,144.91666666666666,69.75
2016-06-22 08:00:00,23.445833333333336,285.4166666666667,211.91666666666666,69.91666666666667
2016-06-22 09:00:00,26.13333333333333,439.8333333333333,263.5,62.583333333333336
2016-06-22 10:00:00,26.099999999999998,351.75,309.9166666666667,57.25
2016-06-22 11:00:00,26.170833333333334,50.083333333333336,511.25,58.75
2016-06-22 12:00:00,27.21666666666667,250.66666666666666,536.25,55.416666666666664
2016-06-22 13:00:00,27.533333333333335,85.16666666666667,490.0,54.333333333333336
2016-06-22 14:00:00,27.716666666666672,350.5,387.9166666666667,54.333333333333336
2016-06-22 15:00:00,28.64166666666667,284.0,359.4166666666667,53.833333333333336
2016-06-22 16:00:00,28.462500000000002,149.0,348.9166666666667,55.916666666666664
2016-06-22 17:00:00,28.474999999999998,212.0,239.91666666666666,56.083333333333336
2016-06-22 18:00:00,27.666666666666668,0.08333333333333333,110.83333333333333,56.75
2016-06-22 19:00:00,26.924999999999997,0.08333333333333333,53.583333333333336,60.25
2016-06-22 20:00:00,26.25,1.1666666666666667,13.5,61.75
2016-06-22 21:00:00,25.91666666666666,0.0,0.08333333333333333,60.833333333333336
2016-06-22 22:00:00,25.575000000000003,0.0,0.0,60.25
2016-06-22 23:00:00,25.52916666666667,0.0,0.0,59.0
2016-06-23 00:00:00,25.179166666666664,0.0,0.0,59.25
2016-06-23 01:00:00,24.16666666666666,0.0,0.0,63.833333333333336
2016-06-23 02:00:00,23.608333333333334,0.0,0.0,65.66666666666667
2016-06-23 03:00:00,22.387500000000003,0.0,0.0,71.25
2016-06-23 04:00:00,21.483333333333334,0.0,0.0,76.25
2016-06-23 05:00:00,21.129166666666663,0.3333333333333333,10.916666666666666,78.75
2016-06-23 06:00:00,22.004166666666666,21.75,82.66666666666667,75.16666666666667
2016-06-23 07:00:00,23.683333333333337,19.916666666666668,164.83333333333334,70.83333333333333
2016-06-23 08:00:00,26.16666666666667,24.916666666666668,273.25,61.166666666666664
2016-06-23 09:00:00,26.71666666666667,15.166666666666666,370.9166666666667,55.333333333333336
2016-06-23 10:00:00,27.474999999999998,173.08333333333334,404.9166666666667,54.166666666666664
2016-06-23 11:00:00,28.695833333333336,229.83333333333334,520.5,53.5
2016-06-23 12:00:00,29.116666666666664,162.08333333333334,498.1666666666667,53.833333333333336
2016-06-23 13:00:00,29.962500000000002,182.91666666666666,536.3333333333334,52.0
2016-06-23 14:00:00,30.437500000000004,511.25,301.4166666666667,51.833333333333336
2016-06-23 15:00:00,30.695833333333336,405.0,267.9166666666667,52.583333333333336
2016-06-23 16:00:00,30.90000000000001,436.27272727272725,257.1818181818182,53.81818181818182
2016-06-23 17:00:00,30.875,345.625,180.125,53.625
2016-06-23 18:00:00,30.634999999999998,401.9,123.2,53.8
2016-06-23 19:00:00,30.13333333333333,248.5,74.66666666666667,55.5
2016-06-23 20:00:00,28.845,30.1,15.4,60.0
2016-06-23 21:00:00,27.895,0.0,0.0,60.8
2016-06-23 22:00:00,27.516666666666666,0.0,0.0,60.22222222222222
2016-06-23 23:00:00,27.085714285714285,0.0,0.0,60.714285714285715
2016-06-24 00:00:00,26.749999999999996,0.0,0.0,60.666666666666664
2016-06-24 01:00:00,26.266666666666666,0.0,0.0,61.44444444444444
2016-06-24 02:00:00,24.5,0.0,0.0,69.11111111111111
2016-06-24 03:00:00,23.875,0.0,0.0,70.16666666666667
2016-06-24 04:00:00,24.259090909090904,0.0,0.0,67.54545454545455
2016-06-24 05:00:00,23.595,22.9,16.6,69.8
2016-06-24 06:00:00,24.5,188.75,80.33333333333333,68.41666666666667
2016-06-24 07:00:00,26.595833333333335,391.3333333333333,111.66666666666667,65.25
2016-06-24 08:00:00,28.412499999999994,506.3333333333333,149.16666666666666,56.083333333333336
2016-06-24 09:00:00,29.549999999999997,605.1666666666666,169.16666666666666,53.583333333333336
2016-06-24 10:00:00,30.483333333333334,413.8333333333333,333.1666666666667,53.5
2016-06-24 11:00:00,31.712500000000002,666.5833333333334,200.83333333333334,54.083333333333336
2016-06-24 12:00:00,32.14166666666667,628.1666666666666,237.25,56.0
2016-06-24 13:00:00,32.85,483.0,262.0,53.666666666666664
2016-06-24 14:00:00,32.9625,535.3333333333334,250.16666666666666,51.25
2016-06-24 15:00:00,33.50000000000001,575.0833333333334,245.08333333333334,49.416666666666664
2016-06-24 16:00:00,33.358333333333334,460.1666666666667,196.58333333333334,49.416666666666664
2016-06-24 17:00:00,33.09166666666666,298.6666666666667,160.25,50.416666666666664
2016-06-24 18:00:00,32.6125,138.66666666666666,99.41666666666667,50.0
2016-06-24 19:00:00,32.35416666666667,261.75,68.41666666666667,51.083333333333336
2016-06-24 20:00:00,30.854166666666668,44.75,16.666666666666668,57.583333333333336
2016-06-24 21:00:00,29.475,0.0,0.0,60.4
2016-06-24 22:00:00,29.155,0.0,0.0,60.5
2016-06-24 23:00:00,28.380000000000003,0.0,0.0,63.6
2016-06-25 00:00:00,27.805555555555557,0.0,0.0,66.0
2016-06-25 01:00:00,27.52,0.0,0.0,67.0
2016-06-25 02:00:00,26.833333333333332,0.0,0.0,68.25
2016-06-25 03:00:00,26.22916666666667,0.0,0.0,67.91666666666667
2016-06-25 04:00:00,25.609999999999996,0.0,0.0,69.1
2016-06-25 05:00:00,24.787499999999998,13.916666666666666,14.75,72.5
2016-06-25 06:00:00,25.21666666666667,129.66666666666666,92.66666666666667,73.0
2016-06-25 07:00:00,26.879166666666666,311.6666666666667,123.75,69.66666666666667
2016-06-25 08:00:00,27.570833333333336,373.6666666666667,187.33333333333334,69.5
2016-06-25 09:00:00,29.208333333333332,501.25,209.91666666666666,66.41666666666667
2016-06-25 10:00:00,30.40833333333333,582.4166666666666,222.33333333333334,62.833333333333336
2016-06-25 11:00:00,31.070833333333336,570.4166666666666,269.3333333333333,61.083333333333336
2016-06-25 12:00:00,30.8125,557.3333333333334,272.0833333333333,62.25
2016-06-25 13:00:00,32.15,579.9166666666666,300.75,58.5
2016-06-25 14:00:00,32.95,593.5,273.75,54.916666666666664
2016-06-25 15:00:00,32.69583333333333,372.0833333333333,292.5833333333333,55.5
2016-06-25 16:00:00,31.77916666666667,136.0,317.0833333333333,55.5
2016-06-25 17:00:00,27.995833333333334,22.916666666666668,59.333333333333336,57.75
2016-06-25 18:00:00,25.25833333333333,0.0,8.25,49.833333333333336
2016-06-25 19:00:00,25.695000000000004,0.0,20.7,50.7
2016-06-25 20:00:00,23.67916666666667,0.0,10.666666666666666,62.75
2016-06-25 21:00:00,22.665,0.0,0.0,66.7
2016-06-25 22:00:00,22.49166666666666,0.0,0.0,67.25
2016-06-25 23:00:00,22.734999999999996,0.0,0.0,65.9
2016-06-26 00:00:00,22.6125,0.0,0.0,64.5
2016-06-26 01:00:00,22.477272727272727,0.0,0.0,65.81818181818181
2016-06-26 02:00:00,22.762500000000003,0.0,0.0,63.166666666666664
2016-06-26 03:00:00,22.15416666666667,0.0,0.0,65.75
2016-06-26 04:00:00,20.775000000000002,0.0,0.0,74.0
2016-06-26 05:00:00,20.587500000000002,0.0,4.333333333333333,76.08333333333333
2016-06-26 06:00:00,20.525,22.416666666666668,70.08333333333333,77.58333333333333
2016-06-26 07:00:00,21.454166666666666,49.666666666666664,140.66666666666666,76.16666666666667
2016-06-26 08:00:00,23.383333333333336,113.0,271.5,69.66666666666667
2016-06-26 09:00:00,24.079166666666666,191.75,291.25,67.5
2016-06-26 10:00:00,24.704166666666666,246.33333333333334,344.1666666666667,64.83333333333333
2016-06-26 11:00:00,25.916666666666668,182.58333333333334,497.25,62.333333333333336
2016-06-26 12:00:00,26.679166666666664,337.5,395.4166666666667,60.583333333333336
2016-06-26 13:00:00,27.350000000000005,526.1666666666666,330.1666666666667,58.5
2016-06-26 14:00:00,29.174999999999997,174.75,346.1666666666667,55.75
2016-06-26 15:00:00,28.379166666666666,187.25,325.75,56.5
2016-06-26 16:00:00,28.38333333333333,385.75,247.91666666666666,58.083333333333336
2016-06-26 17:00:00,29.02916666666667,437.9166666666667,185.83333333333334,56.083333333333336
2016-06-26 18:00:00,28.116666666666664,108.83333333333333,135.5,56.333333333333336
2016-06-26 19:00:00,27.825,278.1666666666667,83.16666666666667,57.916666666666664
2016-06-26 20:00:00,26.525000000000002,14.5,25.25,62.25
2016-06-26 21:00:00,25.445833333333336,0.0,0.0,63.666666666666664
2016-06-26 22:00:00,24.78333333333333,0.0,0.0,64.33333333333333
2016-06-26 23:00:00,24.441666666666666,0.0,0.0,64.58333333333333
2016-06-27 00:00:00,24.179166666666664,0.0,0.0,63.916666666666664
2016-06-27 01:00:00,23.15416666666667,0.0,0.0,67.25
2016-06-27 02:00:00,23.229166666666668,0.0,0.0,65.08333333333333
2016-06-27 03:00:00,22.183333333333334,0.0,0.0,71.5
2016-06-27 04:00:00,22.112499999999997,0.0,0.0,65.25
2016-06-27 05:00:00,21.76666666666667,1.3333333333333333,3.8333333333333335,68.25
2016-06-27 06:00:00,22.004166666666666,21.0,62.416666666666664,69.0
2016-06-27 07:00:00,22.883333333333336,127.41666666666667,151.75,69.0
2016-06-27 08:00:00,23.466666666666665,443.0,202.91666666666666,69.16666666666667
2016-06-27 09:00:00,23.6125,26.166666666666668,243.58333333333334,69.5
2016-06-27 10:00:00,22.775000000000006,0.08333333333333333,203.41666666666666,71.5
2016-06-27 11:00:00,22.520833333333332,0.0,162.33333333333334,69.83333333333333
2016-06-27 12:00:00,18.9,0.25,28.583333333333332,79.66666666666667
2016-06-27 13:00:00,18.491666666666667,0.0,89.5,85.66666666666667
2016-06-27 14:00:00,19.85,3.5,235.75,77.66666666666667
2016-06-27 15:00:00,19.50833333333333,0.08333333333333333,124.58333333333333,72.75
2016-06-27 16:00:00,19.145833333333332,0.0,64.58333333333333,75.75
2016-06-27 17:00:00,17.675,1.0833333333333333,115.25,83.91666666666667
2016-06-27 18:00:00,19.624999999999996,438.1666666666667,131.0,79.5
2016-06-27 19:00:00,19.462500000000002,271.9166666666667,48.666666666666664,79.5
2016-06-27 20:00:00,18.720833333333335,2.0833333333333335,9.416666666666666,80.66666666666667
2016-06-27 21:00:00,18.558333333333334,0.0,0.0,79.83333333333333
2016-06-27 22:00:00,18.4125,0.0,0.0,79.5
2016-06-27 23:00:00,18.204166666666666,0.0,0.0,79.75
2016-06-28 00:00:00,17.79583333333333,0.0,0.0,83.83333333333333
2016-06-28 01:00:00,17.05,0.0,0.0,86.5
2016-06-28 02:00:00,16.741666666666667,0.0,0.0,86.16666666666667
2016-06-28 03:00:00,16.583333333333332,0.0,0.0,86.08333333333333
2016-06-28 04:00:00,16.854166666666668,0.0,0.0,83.16666666666667
2016-06-28 05:00:00,16.345833333333335,87.58333333333333,10.333333333333334,83.5
2016-06-28 06:00:00,16.44166666666667,487.6666666666667,34.0,84.5
2016-06-28 07:00:00,18.295833333333334,681.1666666666666,49.416666666666664,78.08333333333333
2016-06-28 08:00:00,20.3875,769.6666666666666,60.75,68.5
2016-06-28 09:00:00,22.000000000000004,813.8333333333334,70.33333333333333,55.75
2016-06-28 10:00:00,23.38333333333334,818.1666666666666,83.41666666666667,54.0
2016-06-28 11:00:00,24.45,865.9166666666666,99.41666666666667,44.333333333333336
2016-06-28 12:00:00,24.83333333333333,885.5,110.16666666666667,43.083333333333336
2016-06-28 13:00:00,25.720833333333335,603.6666666666666,206.41666666666666,44.833333333333336
2016-06-28 14:00:00,25.8,374.8333333333333,231.33333333333334,43.333333333333336
2016-06-28 15:00:00,25.970833333333335,388.9166666666667,193.5,41.583333333333336
2016-06-28 16:00:00,26.741666666666664,449.9166666666667,154.08333333333334,40.083333333333336
2016-06-28 17:00:00,27.03333333333333,657.0833333333334,85.0,40.0
2016-06-28 18:00:00,27.07083333333333,684.9166666666666,50.833333333333336,39.916666666666664
2016-06-28 19:00:00,26.483333333333334,521.6666666666666,33.916666666666664,41.166666666666664
2016-06-28 20:00:00,25.162500000000005,161.91666666666666,9.666666666666666,45.916666666666664
2016-06-28 21:00:00,22.73333333333333,0.0,0.0,54.583333333333336
2016-06-28 22:00:00,21.50833333333333,0.0,0.0,57.5
2016-06-28 23:00:00,20.779166666666665,0.0,0.0,59.583333333333336
2016-06-29 00:00:00,20.2125,0.0,0.0,60.583333333333336
2016-06-29 01:00:00,19.245833333333334,0.0,0.0,63.083333333333336
2016-06-29 02:00:00,18.879166666666674,0.0,0.0,64.5
2016-06-29 03:00:00,18.4875,0.0,0.0,64.58333333333333
2016-06-29 04:00:00,17.958333333333332,0.0,0.0,67.5
2016-06-29 05:00:00,17.783333333333335,98.0,10.25,72.58333333333333
2016-06-29 06:00:00,18.808333333333334,476.0,31.583333333333332,70.08333333333333
2016-06-29 07:00:00,20.616666666666667,655.0,48.0,68.58333333333333
2016-06-29 08:00:00,22.566666666666663,750.0833333333334,58.666666666666664,65.41666666666667
2016-06-29 09:00:00,24.2375,807.6666666666666,65.5,61.25
2016-06-29 10:00:00,25.366666666666664,846.0,68.83333333333333,54.416666666666664
2016-06-29 11:00:00,26.704166666666666,863.5,70.66666666666667,50.416666666666664
2016-06-29 12:00:00,27.295833333333334,874.6666666666666,71.41666666666667,47.333333333333336
2016-06-29 13:00:00,27.825,873.8333333333334,72.58333333333333,46.833333333333336
2016-06-29 14:00:00,28.34166666666667,864.5,71.83333333333333,45.5
2016-06-29 15:00:00,29.029166666666665,844.5,69.83333333333333,44.25
2016-06-29 16:00:00,29.266666666666666,803.6666666666666,69.0,44.583333333333336
2016-06-29 17:00:00,29.579166666666666,746.0833333333334,61.5,44.833333333333336
2016-06-29 18:00:00,28.825000000000003,655.5833333333334,52.0,46.083333333333336
2016-06-29 19:00:00,28.259090909090904,514.8181818181819,36.18181818181818,46.81818181818182
2016-06-29 20:00:00,27.108333333333334,169.08333333333334,10.166666666666666,50.583333333333336
2016-06-29 21:00:00,25.663636363636364,0.0,0.0,53.27272727272727
2016-06-29 22:00:00,23.79375,0.0,0.0,59.5
2016-06-29 23:00:00,22.95625,0.0,0.0,60.125
2016-06-30 00:00:00,22.345000000000002,0.0,0.0,60.7
2016-06-30 01:00:00,22.139999999999997,0.0,0.0,60.4
2016-06-30 02:00:00,21.492857142857144,0.0,0.0,62.285714285714285
2016-06-30 03:00:00,20.945833333333336,0.0,0.0,63.916666666666664
2016-06-30 04:00:00,19.60625,0.0,0.0,72.75
2016-06-30 05:00:00,19.54,60.0,19.1,73.6
2016-06-30 06:00:00,20.924999999999997,292.0833333333333,68.08333333333333,70.16666666666667
2016-06-30 07:00:00,22.870833333333337,376.5833333333333,127.41666666666667,64.5
2016-06-30 08:00:00,24.487499999999997,602.0833333333334,102.08333333333333,61.583333333333336
2016-06-30 09:00:00,25.733333333333334,718.3333333333334,111.16666666666667,59.833333333333336
2016-06-30 10:00:00,27.733333333333334,735.1666666666666,145.91666666666666,50.75
2016-06-30 11:00:00,28.191666666666663,774.8333333333334,129.0,49.25
2016-06-30 12:00:00,28.375,805.5,157.41666666666666,46.666666666666664
2016-06-30 13:00:00,29.154166666666665,484.1666666666667,311.6666666666667,45.5
2016-06-30 14:00:00,29.233333333333334,483.0833333333333,286.0,44.416666666666664
2016-06-30 15:00:00,29.412499999999994,369.8333333333333,301.0,45.25
2016-06-30 16:00:00,28.904166666666665,589.4166666666666,216.33333333333334,45.166666666666664
2016-06-30 17:00:00,29.059999999999995,562.7,152.3,44.2
2016-06-30 18:00:00,28.554166666666664,627.0833333333334,84.5,46.166666666666664
2016-06-30 19:00:00,28.15833333333333,393.3333333333333,53.916666666666664,46.75
2016-06-30 20:00:00,27.208333333333332,59.333333333333336,13.25,51.666666666666664
2016-06-30 21:00:00,25.262500000000003,0.0,0.0,54.666666666666664
2016-06-30 22:00:00,24.156249999999996,0.0,0.0,57.375
2016-06-30 23:00:00,23.870833333333334,0.0,0.0,59.833333333333336
2016-07-01 00:00:00,23.40416666666667,0.0,0.0,61.5
2016-07-01 01:00:00,22.704166666666666,0.0,0.0,65.33333333333333
2016-07-01 02:00:00,22.004166666666666,0.0,0.0,69.91666666666667
2016-07-01 03:00:00,21.19166666666667,0.0,0.0,74.08333333333333
2016-07-01 04:00:00,20.912499999999998,0.0,0.0,74.0
2016-07-01 05:00:00,20.68,38.7,13.4,76.4
2016-07-01 06:00:00,21.604166666666668,245.25,63.083333333333336,72.91666666666667
2016-07-01 07:00:00,23.166666666666668,428.8333333333333,95.08333333333333,68.5
2016-07-01 08:00:00,24.991666666666674,533.0,140.08333333333334,65.16666666666667
2016-07-01 09:00:00,26.587499999999995,410.0,275.9166666666667,62.0
2016-07-01 10:00:00,27.066666666666663,2.4166666666666665,327.25,59.666666666666664
2016-07-01 11:00:00,27.27916666666667,0.0,264.6666666666667,57.916666666666664
2016-07-01 12:00:00,27.629166666666663,520.75,289.1666666666667,59.0
2016-07-01 13:00:00,28.879166666666663,739.6666666666666,185.0,53.833333333333336
2016-07-01 14:00:00,30.045833333333334,742.8333333333334,179.33333333333334,48.416666666666664
2016-07-01 15:00:00,30.699999999999992,707.75,227.0,45.75
2016-07-01 16:00:00,30.63333333333333,660.5,195.16666666666666,45.083333333333336
2016-07-01 17:00:00,30.529166666666672,572.25,139.5,46.166666666666664
2016-07-01 18:00:00,30.045833333333334,519.25,90.41666666666667,48.083333333333336
2016-07-01 19:00:00,29.316666666666666,333.0,59.833333333333336,49.916666666666664
2016-07-01 20:00:00,28.104166666666668,75.16666666666667,12.5,52.916666666666664
2016-07-01 21:00:00,26.816666666666666,0.0,0.0,58.333333333333336
2016-07-01 22:00:00,25.391666666666666,0.0,0.0,64.16666666666667
2016-07-01 23:00:00,24.662499999999998,0.0,0.0,64.25
2016-07-02 00:00:00,24.162499999999998,0.0,0.0,63.5
2016-07-02 01:00:00,23.95416666666667,0.0,0.0,62.916666666666664
2016-07-02 02:00:00,22.962500000000002,0.0,0.0,67.0
2016-07-02 03:00:00,22.3125,0.0,0.0,70.08333333333333
2016-07-02 04:00:00,21.983333333333334,0.0,0.0,70.75
2016-07-02 05:00:00,21.69583333333333,33.166666666666664,9.666666666666666,74.41666666666667
2016-07-02 06:00:00,22.791666666666668,268.3333333333333,55.0,72.25
2016-07-02 07:00:00,25.133333333333336,509.3333333333333,76.58333333333333,66.33333333333333
2016-07-02 08:00:00,26.6125,611.6666666666666,101.0,66.0
2016-07-02 09:00:00,28.45416666666667,690.75,114.0,60.0
2016-07-02 10:00:00,29.250000000000004,746.4166666666666,118.66666666666667,58.0
2016-07-02 11:00:00,29.808333333333334,744.9166666666666,155.25,57.083333333333336
2016-07-02 12:00:00,30.27916666666667,695.4166666666666,196.75,55.083333333333336
2016-07-02 13:00:00,30.941666666666666,722.3333333333334,163.25,52.833333333333336
2016-07-02 14:00:00,31.287499999999994,526.4166666666666,211.75,49.25
2016-07-02 15:00:00,30.10833333333333,1.0833333333333333,231.08333333333334,51.0
2016-07-02 16:00:00,29.2375,0.4166666666666667,221.75,55.083333333333336
2016-07-02 17:00:00,29.775000000000002,96.25,247.0,52.333333333333336
2016-07-02 18:00:00,30.59583333333333,443.1666666666667,140.41666666666666,48.833333333333336
2016-07-02 19:00:00,29.78333333333333,321.6666666666667,54.583333333333336,53.833333333333336
2016-07-02 20:00:00,28.333333333333332,8.583333333333334,4.75,60.083333333333336
2016-07-02 21:00:00,26.916666666666668,0.0,0.0,65.16666666666667
2016-07-02 22:00:00,26.333333333333332,0.0,0.0,66.66666666666667
2016-07-02 23:00:00,25.816666666666666,0.0,0.0,65.75
2016-07-03 00:00:00,25.65416666666667,0.0,0.0,63.666666666666664
2016-07-03 01:00:00,24.50833333333333,0.0,0.0,69.08333333333333
2016-07-03 02:00:00,23.59583333333333,0.0,0.0,69.5
2016-07-03 03:00:00,22.80416666666667,0.0,0.0,67.0
2016-07-03 04:00:00,21.775000000000002,0.0,0.0,69.5
2016-07-03 05:00:00,21.59583333333333,9.416666666666666,13.083333333333334,65.66666666666667
2016-07-03 06:00:00,21.2,0.0,20.166666666666668,63.416666666666664
2016-07-03 07:00:00,19.229166666666668,0.0,27.75,66.58333333333333
2016-07-03 08:00:00,18.629166666666666,0.08333333333333333,121.58333333333333,70.91666666666667
2016-07-03 09:00:00,19.8125,0.08333333333333333,92.41666666666667,67.25
2016-07-03 10:00:00,19.879166666666666,0.0,137.0,66.33333333333333
2016-07-03 11:00:00,20.616666666666667,0.6666666666666666,322.25,61.166666666666664
2016-07-03 12:00:00,20.420833333333334,0.5,299.1666666666667,60.583333333333336
2016-07-03 13:00:00,20.525,1.5,341.6666666666667,58.5
2016-07-03 14:00:00,20.604166666666668,6.083333333333333,445.8333333333333,56.666666666666664
2016-07-03 15:00:00,21.241666666666664,56.166666666666664,446.0,53.083333333333336
2016-07-03 16:00:00,21.337500000000002,11.666666666666666,312.0,55.166666666666664
2016-07-03 17:00:00,20.883333333333333,0.0,144.0,56.25
2016-07-03 18:00:00,20.116666666666667,0.0,77.33333333333333,63.416666666666664
2016-07-03 19:00:00,20.3,0.3333333333333333,69.5,59.583333333333336
2016-07-03 20:00:00,20.099999999999998,0.0,16.25,59.5
2016-07-03 21:00:00,19.329166666666666,0.0,0.0,64.41666666666667
2016-07-03 22:00:00,19.162499999999998,0.0,0.0,63.833333333333336
2016-07-03 23:00:00,19.150000000000002,0.0,0.0,61.25
2016-07-04 00:00:00,18.875,0.0,0.0,62.666666666666664
2016-07-04 01:00:00,18.3875,0.0,0.0,64.66666666666667
2016-07-04 02:00:00,17.879166666666666,0.0,0.0,65.33333333333333
2016-07-04 03:00:00,17.7,0.0,0.0,63.416666666666664
2016-07-04 04:00:00,17.525000000000002,0.0,0.0,64.08333333333333
2016-07-04 05:00:00,17.770833333333332,4.333333333333333,7.416666666666667,63.75
2016-07-04 06:00:00,18.42916666666667,1.0,45.416666666666664,65.5
2016-07-04 07:00:00,18.854166666666668,0.0,109.5,67.91666666666667
2016-07-04 08:00:00,20.870833333333334,98.5,253.16666666666666,60.833333333333336
2016-07-04 09:00:00,22.458333333333332,531.0833333333334,178.91666666666666,54.666666666666664
2016-07-04 10:00:00,22.333333333333332,800.1666666666666,97.75,48.75
2016-07-04 11:00:00,23.512500000000003,851.5833333333334,84.58333333333333,45.333333333333336
2016-07-04 12:00:00,24.308333333333326,853.6666666666666,88.41666666666667,46.25
2016-07-04 13:00:00,25.291666666666668,590.9166666666666,294.5833333333333,42.583333333333336
2016-07-04 14:00:00,25.8,836.25,100.08333333333333,41.0
2016-07-04 15:00:00,26.195833333333336,825.3333333333334,83.58333333333333,41.916666666666664
2016-07-04 16:00:00,26.520833333333332,797.4166666666666,75.41666666666667,41.416666666666664
2016-07-04 17:00:00,26.266666666666666,738.8333333333334,67.41666666666667,42.583333333333336
2016-07-04 18:00:00,26.0625,660.4166666666666,53.416666666666664,41.75
2016-07-04 19:00:00,25.537499999999998,497.25,36.416666666666664,42.5
2016-07-04 20:00:00,24.562499999999996,156.58333333333334,10.416666666666666,44.75
2016-07-04 21:00:00,23.100000000000005,0.0,0.0,51.166666666666664
2016-07-04 22:00:00,21.779166666666665,0.0,0.0,55.416666666666664
2016-07-04 23:00:00,21.075000000000003,0.0,0.0,56.833333333333336
2016-07-05 00:00:00,20.69583333333333,0.0,0.0,57.75
2016-07-05 01:00:00,20.1,0.0,0.0,58.083333333333336
2016-07-05 02:00:00,19.2375,0.0,0.0,62.916666666666664
2016-07-05 03:00:00,18.479166666666668,0.0,0.0,67.75
2016-07-05 04:00:00,17.629166666666666,0.0,0.0,69.66666666666667
2016-07-05 05:00:00,17.712500000000002,80.41666666666667,10.5,71.75
2016-07-05 06:00:00,19.025000000000002,420.6666666666667,32.416666666666664,68.25
2016-07-05 07:00:00,21.65416666666667,614.6666666666666,54.75,60.916666666666664
2016-07-05 08:00:00,23.391666666666666,730.75,60.583333333333336,57.666666666666664
2016-07-05 09:00:00,24.279166666666665,794.3333333333334,66.91666666666667,53.5
2016-07-05 10:00:00,24.790000000000003,838.7,68.6,51.8
2016-07-05 11:00:00,25.65,872.3,70.2,47.1
2016-07-05 12:00:00,26.654166666666665,869.25,76.5,46.25
2016-07-05 13:00:00,27.774999999999995,820.0,107.91666666666667,45.916666666666664
2016-07-05 14:00:00,28.474999999999998,728.8333333333334,173.16666666666666,42.666666666666664
2016-07-05 15:00:00,29.025000000000002,710.5,173.0,43.0
2016-07-05 16:00:00,29.312500000000004,773.6666666666666,86.83333333333333,43.083333333333336
2016-07-05 17:00:00,29.5,703.5833333333334,80.75,44.166666666666664
2016-07-05 18:00:00,29.174999999999997,539.6666666666666,86.25,44.75
2016-07-05 19:00:00,28.487499999999997,261.4166666666667,61.083333333333336,47.0
2016-07-05 20:00:00,27.74166666666667,39.666666666666664,12.25,48.75
2016-07-05 21:00:00,25.833333333333332,0.0,0.0,55.0
2016-07-05 22:00:00,24.237500000000008,0.0,0.0,59.166666666666664
2016-07-05 23:00:00,23.79166666666666,0.0,0.0,59.5
2016-07-06 00:00:00,23.883333333333336,0.0,0.0,59.333333333333336
2016-07-06 01:00:00,22.958333333333332,0.0,0.0,66.0
2016-07-06 02:00:00,22.724999999999998,0.0,0.0,67.08333333333333
2016-07-06 03:00:00,22.724999999999998,0.0,0.0,66.16666666666667
2016-07-06 04:00:00,22.366666666666664,0.0,0.0,65.25
2016-07-06 05:00:00,21.82916666666667,0.3333333333333333,0.4166666666666667,66.5
2016-07-06 06:00:00,21.787499999999998,0.0,24.0,61.333333333333336
2016-07-06 07:00:00,22.162499999999998,0.0,40.583333333333336,58.833333333333336
2016-07-06 08:00:00,20.620833333333334,0.0,40.666666666666664,60.5
2016-07-06 09:00:00,20.362499999999997,0.0,142.0,69.25
2016-07-06 10:00:00,21.05,0.25,200.91666666666666,74.16666666666667
2016-07-06 11:00:00,22.433333333333334,4.833333333333333,323.0833333333333,71.33333333333333
2016-07-06 12:00:00,24.1375,28.125,432.0,65.875
2016-07-06 13:00:00,24.990000000000002,9.4,475.5,58.7
2016-07-06 14:00:00,26.0125,215.41666666666666,476.75,57.0
2016-07-06 15:00:00,26.241666666666664,626.1666666666666,208.5,54.916666666666664
2016-07-06 16:00:00,26.63333333333333,736.75,115.33333333333333,51.916666666666664
2016-07-06 17:00:00,26.379166666666663,654.5833333333334,92.58333333333333,54.416666666666664
2016-07-06 18:00:00,26.033333333333335,354.4166666666667,120.33333333333333,53.75
2016-07-06 19:00:00,25.450000000000003,1.25,72.66666666666667,54.416666666666664
2016-07-06 20:00:00,24.3,0.3333333333333333,9.25,58.416666666666664
2016-07-06 21:00:00,23.262500000000003,0.0,0.0,64.91666666666667
2016-07-06 22:00:00,22.736363636363638,0.0,0.0,66.27272727272727
2016-07-06 23:00:00,21.462500000000006,0.0,0.0,68.75
2016-07-07 00:00:00,20.075,0.0,0.0,67.83333333333333
2016-07-07 01:00:00,19.40416666666667,0.0,0.0,66.91666666666667
2016-07-07 02:00:00,18.916666666666668,0.0,0.0,67.0
2016-07-07 03:00:00,17.808333333333334,0.0,0.0,66.0
2016-07-07 04:00:00,18.783333333333335,0.0,0.0,59.0
2016-07-07 05:00:00,18.879166666666666,3.8333333333333335,4.833333333333333,54.583333333333336
2016-07-07 06:00:00,19.054166666666664,0.9166666666666666,35.166666666666664,51.25
2016-07-07 07:00:00,19.245833333333337,9.0,94.16666666666667,48.75
2016-07-07 08:00:00,19.879166666666666,7.083333333333333,200.08333333333334,48.0
2016-07-07 09:00:00,20.929166666666667,71.83333333333333,340.9166666666667,46.0
2016-07-07 10:00:00,22.058333333333326,321.9166666666667,315.0833333333333,42.25
2016-07-07 11:00:00,22.970833333333335,810.5,116.83333333333333,39.75
2016-07-07 12:00:00,23.745833333333334,852.4166666666666,90.83333333333333,39.583333333333336
2016-07-07 13:00:00,24.504166666666674,857.9166666666666,84.16666666666667,40.083333333333336
2016-07-07 14:00:00,25.766666666666666,847.0,82.0,39.916666666666664
2016-07-07 15:00:00,26.08333333333333,827.0,80.0,40.333333333333336
2016-07-07 16:00:00,26.425,791.8333333333334,74.41666666666667,40.5
2016-07-07 17:00:00,26.4,736.4545454545455,66.9090909090909,41.18181818181818
2016-07-07 18:00:00,26.029166666666672,627.3333333333334,59.833333333333336,42.583333333333336
2016-07-07 19:00:00,25.47083333333333,402.4166666666667,45.5,44.083333333333336
2016-07-07 20:00:00,24.424999999999997,66.58333333333333,12.75,47.333333333333336
2016-07-07 21:00:00,23.07083333333333,0.0,0.0,51.916666666666664
2016-07-07 22:00:00,21.916666666666668,0.0,0.0,55.25
2016-07-07 23:00:00,21.416666666666668,0.0,0.0,56.583333333333336
2016-07-08 00:00:00,20.895833333333332,0.0,0.0,58.0
2016-07-08 01:00:00,20.495833333333334,0.0,0.0,58.833333333333336
2016-07-08 02:00:00,20.01666666666667,0.0,0.0,60.5
2016-07-08 03:00:00,19.922727272727272,0.0,0.0,61.27272727272727
2016-07-08 04:00:00,19.575,0.0,0.0,61.916666666666664
2016-07-08 05:00:00,19.1125,44.5,9.25,64.16666666666667
2016-07-08 06:00:00,19.77916666666667,323.8333333333333,46.833333333333336,63.25
2016-07-08 07:00:00,20.679166666666667,532.4166666666666,72.58333333333333,61.5
2016-07-08 08:00:00,22.170833333333338,627.9166666666666,101.16666666666667,58.166666666666664
2016-07-08 09:00:00,23.0,620.1666666666666,171.91666666666666,57.083333333333336
2016-07-08 10:00:00,25.21666666666667,320.5833333333333,407.5833333333333,51.916666666666664
2016-07-08 11:00:00,26.29166666666667,379.4166666666667,375.25,49.583333333333336
2016-07-08 12:00:00,27.275000000000002,295.8333333333333,477.8333333333333,48.833333333333336
2016-07-08 13:00:00,27.7375,102.5,460.3333333333333,49.25
2016-07-08 14:00:00,28.20833333333334,490.6666666666667,286.0,49.833333333333336
2016-07-08 15:00:00,28.954166666666666,332.4166666666667,333.0,49.416666666666664
2016-07-08 16:00:00,29.7,658.8333333333334,143.25,48.75
2016-07-08 17:00:00,29.520833333333332,455.25,135.25,49.0
2016-07-08 18:00:00,28.987499999999997,255.25,142.58333333333334,50.833333333333336
2016-07-08 19:00:00,28.554166666666664,229.33333333333334,66.41666666666667,52.75
2016-07-08 20:00:00,28.004166666666663,47.083333333333336,24.25,54.083333333333336
2016-07-08 21:00:00,27.012500000000003,0.0,0.0,57.666666666666664
2016-07-08 22:00:00,25.231818181818184,0.0,0.0,64.36363636363636
2016-07-08 23:00:00,24.825000000000003,0.0,0.0,64.66666666666667
2016-07-09 00:00:00,24.650000000000002,0.0,0.0,64.83333333333333
2016-07-09 01:00:00,23.97916666666667,0.0,0.0,68.25
2016-07-09 02:00:00,22.920833333333334,0.0,0.0,75.66666666666667
2016-07-09 03:00:00,22.245833333333334,0.0,0.0,77.5
2016-07-09 04:00:00,22.0,0.0,0.0,76.33333333333333
2016-07-09 05:00:00,22.175,12.25,6.5,71.16666666666667
2016-07-09 06:00:00,22.416666666666668,8.583333333333334,31.0,71.08333333333333
2016-07-09 07:00:00,21.604166666666668,21.083333333333332,140.66666666666666,79.33333333333333
2016-07-09 08:00:00,23.666666666666668,5.333333333333333,204.0,72.0
2016-07-09 09:00:00,25.608333333333334,10.416666666666666,273.8333333333333,67.08333333333333
2016-07-09 10:00:00,26.23333333333333,0.3333333333333333,204.91666666666666,61.25
2016-07-09 11:00:00,26.812499999999996,39.916666666666664,489.25,55.916666666666664
2016-07-09 12:00:00,27.47083333333333,36.583333333333336,576.25,54.416666666666664
2016-07-09 13:00:00,28.508333333333336,467.0,339.0833333333333,52.333333333333336
2016-07-09 14:00:00,29.299999999999997,608.5,277.5,49.583333333333336
2016-07-09 15:00:00,29.679166666666664,440.5833333333333,343.5,48.25
2016-07-09 16:00:00,30.325,554.6666666666666,221.83333333333334,45.583333333333336
2016-07-09 17:00:00,29.995833333333337,364.5,182.75,46.916666666666664
2016-07-09 18:00:00,29.7625,433.4166666666667,112.16666666666667,46.833333333333336
2016-07-09 19:00:00,28.941666666666663,195.16666666666666,58.166666666666664,47.0
2016-07-09 20:00:00,28.141666666666666,83.41666666666667,11.333333333333334,49.833333333333336
2016-07-09 21:00:00,26.391666666666666,0.0,0.0,58.833333333333336
2016-07-09 22:00:00,25.012500000000003,0.0,0.0,62.0
2016-07-09 23:00:00,24.174999999999997,0.0,0.0,63.083333333333336
2016-07-10 00:00:00,23.829166666666666,0.0,0.0,62.333333333333336
2016-07-10 01:00:00,23.325,0.0,0.0,66.75
2016-07-10 02:00:00,22.508333333333336,0.0,0.0,69.91666666666667
2016-07-10 03:00:00,22.170833333333334,0.0,0.0,70.08333333333333
2016-07-10 04:00:00,21.34166666666667,0.0,0.0,75.83333333333333
2016-07-10 05:00:00,20.4875,27.666666666666668,6.75,77.91666666666667
2016-07-10 06:00:00,22.17916666666667,346.4166666666667,39.166666666666664,70.0
2016-07-10 07:00:00,24.46666666666667,554.6666666666666,60.666666666666664,63.166666666666664
2016-07-10 08:00:00,25.620833333333334,667.0,77.66666666666667,60.083333333333336
2016-07-10 09:00:00,27.08333333333334,735.75,87.5,55.583333333333336
2016-07-10 10:00:00,28.84166666666667,781.5833333333334,90.91666666666667,51.0
2016-07-10 11:00:00,29.75,804.8181818181819,95.63636363636364,46.27272727272727
2016-07-10 12:00:00,30.429166666666664,814.9166666666666,99.66666666666667,45.166666666666664
2016-07-10 13:00:00,30.9375,808.0,103.75,43.666666666666664
2016-07-10 14:00:00,31.41666666666666,809.5833333333334,96.66666666666667,42.5
2016-07-10 15:00:00,31.954166666666666,802.5833333333334,86.08333333333333,41.0
2016-07-10 16:00:00,32.06250000000001,778.3333333333334,75.66666666666667,40.166666666666664
2016-07-10 17:00:00,31.677272727272722,726.2727272727273,64.63636363636364,40.36363636363637
2016-07-10 18:00:00,31.400000000000002,641.0833333333334,52.25,40.25
2016-07-10 19:00:00,30.80416666666667,467.0833333333333,35.0,41.916666666666664
2016-07-10 20:00:00,29.674999999999997,124.33333333333333,8.916666666666666,43.916666666666664
2016-07-10 21:00:00,28.39090909090909,0.0,0.0,46.09090909090909
2016-07-10 22:00:00,26.541666666666668,0.0,0.0,52.583333333333336
2016-07-10 23:00:00,25.75,0.0,0.0,52.333333333333336
2016-07-11 00:00:00,25.349999999999998,0.0,0.0,52.416666666666664
2016-07-11 01:00:00,24.825,0.0,0.0,53.25
2016-07-11 02:00:00,24.04166666666666,0.0,0.0,57.75
2016-07-11 03:00:00,23.370833333333334,0.0,0.0,60.75
2016-07-11 04:00:00,22.84166666666667,0.0,0.0,63.416666666666664
2016-07-11 05:00:00,22.422727272727272,46.81818181818182,7.454545454545454,66.0
2016-07-11 06:00:00,22.95416666666667,381.1666666666667,35.333333333333336,64.66666666666667
2016-07-11 07:00:00,23.970833333333335,587.0,54.333333333333336,63.0
2016-07-11 08:00:00,26.087500000000002,688.9166666666666,69.25,58.5
2016-07-11 09:00:00,27.75,747.4166666666666,79.83333333333333,56.0
2016-07-11 10:00:00,29.145833333333332,786.0833333333334,87.58333333333333,52.583333333333336
2016-07-11 11:00:00,30.54166666666666,800.5,94.66666666666667,51.333333333333336
2016-07-11 12:00:00,31.608333333333334,821.5,92.41666666666667,47.916666666666664
2016-07-11 13:00:00,32.300000000000004,821.0,93.16666666666667,45.0
2016-07-11 14:00:00,33.22083333333333,817.0,91.41666666666667,42.5
2016-07-11 15:00:00,33.67916666666667,771.25,105.25,40.666666666666664
2016-07-11 16:00:00,34.162499999999994,676.3333333333334,119.41666666666667,39.666666666666664
2016-07-11 17:00:00,33.395833333333336,501.25,133.33333333333334,42.583333333333336
2016-07-11 18:00:00,32.537499999999994,465.25,92.83333333333333,44.5
2016-07-11 19:00:00,31.872727272727275,343.27272727272725,48.18181818181818,45.45454545454545
2016-07-11 20:00:00,30.77083333333333,41.0,7.916666666666667,47.166666666666664
2016-07-11 21:00:00,29.5625,0.0,0.0,49.833333333333336
2016-07-11 22:00:00,28.49166666666666,0.0,0.0,52.416666666666664
2016-07-11 23:00:00,27.945833333333336,0.0,0.0,53.166666666666664
2016-07-12 00:00:00,27.259090909090904,0.0,0.0,55.0
2016-07-12 01:00:00,26.45909090909091,0.0,0.0,56.36363636363637
2016-07-12 02:00:00,25.150000000000002,0.0,0.0,59.916666666666664
2016-07-12 03:00:00,24.13181818181818,0.0,0.0,63.27272727272727
2016-07-12 04:00:00,23.483333333333334,0.0,0.0,64.33333333333333
2016-07-12 05:00:00,23.079166666666666,34.0,6.5,66.75
2016-07-12 06:00:00,23.825,312.0,42.083333333333336,68.0
2016-07-12 07:00:00,25.625000000000004,530.75,64.16666666666667,62.083333333333336
2016-07-12 08:00:00,27.204166666666666,642.5833333333334,82.75,61.0
2016-07-12 09:00:00,28.629166666666666,701.0,101.16666666666667,60.0
2016-07-12 10:00:00,30.587499999999995,725.5,121.0,54.5
2016-07-12 11:00:00,32.09583333333333,749.4166666666666,132.75,44.416666666666664
2016-07-12 12:00:00,33.31666666666667,758.6666666666666,136.16666666666666,41.583333333333336
2016-07-12 13:00:00,33.75000000000001,765.5833333333334,133.91666666666666,41.583333333333336
2016-07-12 14:00:00,34.16666666666667,757.3333333333334,131.91666666666666,40.75
2016-07-12 15:00:00,34.50416666666667,726.6666666666666,130.83333333333334,40.75
2016-07-12 16:00:00,34.65,647.75,132.25,41.083333333333336
2016-07-12 17:00:00,34.12499999999999,552.5833333333334,120.16666666666667,43.666666666666664
2016-07-12 18:00:00,33.766666666666666,375.75,97.58333333333333,45.333333333333336
2016-07-12 19:00:00,33.1875,286.9166666666667,70.91666666666667,48.666666666666664
2016-07-12 20:00:00,31.845833333333335,18.916666666666668,10.25,52.916666666666664
2016-07-12 21:00:00,30.370833333333334,0.0,0.0,56.583333333333336
2016-07-12 22:00:00,28.981818181818184,0.0,0.0,59.45454545454545
2016-07-12 23:00:00,27.4875,0.0,0.0,61.666666666666664
2016-07-13 00:00:00,26.85909090909091,0.0,0.0,57.54545454545455
2016-07-13 01:00:00,27.016666666666666,0.0,0.0,50.916666666666664
2016-07-13 02:00:00,26.754166666666666,0.0,0.0,51.833333333333336
2016-07-13 03:00:00,25.277272727272727,0.0,0.0,60.0
2016-07-13 04:00:00,24.015000000000004,0.0,0.0,64.7
2016-07-13 05:00:00,22.862499999999997,6.25,7.166666666666667,71.5
2016-07-13 06:00:00,22.11,124.2,82.3,79.4
2016-07-13 07:00:00,22.649999999999995,242.41666666666666,136.91666666666666,76.41666666666667
2016-07-13 08:00:00,23.737499999999997,102.08333333333333,185.5,71.25
2016-07-13 09:00:00,24.113636363636363,137.36363636363637,202.54545454545453,69.63636363636364
2016-07-13 10:00:00,25.55,598.75,217.58333333333334,65.91666666666667
2016-07-13 11:00:00,26.433333333333334,666.1666666666666,205.0,62.333333333333336
2016-07-13 12:00:00,27.558333333333337,722.8333333333334,170.83333333333334,59.416666666666664
2016-07-13 13:00:00,28.837500000000002,697.4166666666666,195.75,57.166666666666664
2016-07-13 14:00:00,29.6375,581.5,251.33333333333334,55.333333333333336
2016-07-13 15:00:00,30.3,331.6666666666667,292.75,53.166666666666664
2016-07-13 16:00:00,30.424999999999997,289.25,270.625,52.375
2016-07-13 17:00:00,30.52857142857143,329.85714285714283,144.57142857142858,53.142857142857146
2016-07-13 18:00:00,29.937500000000004,14.916666666666666,123.66666666666667,56.5
2016-07-13 19:00:00,29.766666666666666,109.58333333333333,75.66666666666667,58.666666666666664
2016-07-13 20:00:00,28.733333333333334,0.16666666666666666,7.333333333333333,62.5
2016-07-13 21:00:00,27.813636363636363,0.0,0.0,65.18181818181819
2016-07-13 22:00:00,24.987499999999997,0.0,0.0,69.83333333333333
2016-07-13 23:00:00,24.304166666666664,0.0,0.0,74.91666666666667
2016-07-14 00:00:00,21.64166666666667,0.0,0.0,81.75
2016-07-14 01:00:00,21.51666666666667,0.0,0.0,81.41666666666667
2016-07-14 02:00:00,20.212500000000002,0.0,0.0,86.5
2016-07-14 03:00:00,19.1375,0.0,0.0,87.83333333333333
2016-07-14 04:00:00,18.845833333333335,0.0,0.0,82.16666666666667
2016-07-14 05:00:00,18.904166666666665,0.0,1.25,84.0
2016-07-14 06:00:00,18.537499999999998,2.5833333333333335,19.0,84.58333333333333
2016-07-14 07:00:00,18.131818181818183,165.8181818181818,142.72727272727272,82.27272727272727
2016-07-14 08:00:00,20.183333333333334,164.16666666666666,220.16666666666666,73.91666666666667
2016-07-14 09:00:00,20.979166666666668,94.33333333333333,276.5,65.33333333333333
2016-07-14 10:00:00,22.695833333333336,445.8333333333333,277.6666666666667,60.25
2016-07-14 11:00:00,22.354545454545452,6.909090909090909,221.9090909090909,55.45454545454545
2016-07-14 12:00:00,22.229166666666668,53.916666666666664,244.5,52.916666666666664
2016-07-14 13:00:00,23.804166666666664,597.25,239.91666666666666,51.25
2016-07-14 14:00:00,22.845833333333335,25.833333333333332,144.25,55.916666666666664
2016-07-14 15:00:00,20.9375,32.5,210.0,57.5
2016-07-14 16:00:00,22.03333333333333,45.333333333333336,233.91666666666666,53.416666666666664
2016-07-14 17:00:00,22.758333333333336,338.3333333333333,168.5,49.583333333333336
2016-07-14 18:00:00,22.75833333333333,268.3333333333333,91.75,49.083333333333336
2016-07-14 19:00:00,22.354166666666668,105.33333333333333,61.833333333333336,50.0
2016-07-14 20:00:00,21.216666666666665,0.0,9.5,49.166666666666664
2016-07-14 21:00:00,20.020833333333332,0.0,0.0,54.25
2016-07-14 22:00:00,19.154166666666665,0.0,0.0,56.75
2016-07-14 23:00:00,18.70416666666667,0.0,0.0,56.5
2016-07-15 00:00:00,18.133333333333333,0.0,0.0,57.75
2016-07-15 01:00:00,17.55,0.0,0.0,59.916666666666664
2016-07-15 02:00:00,17.174999999999997,0.0,0.0,60.0
2016-07-15 03:00:00,16.812499999999996,0.0,0.0,62.416666666666664
2016-07-15 04:00:00,16.2625,0.0,0.0,64.5
2016-07-15 05:00:00,15.950000000000001,0.0,0.3333333333333333,66.83333333333333
2016-07-15 06:00:00,15.662500000000001,0.0,15.083333333333334,67.5
2016-07-15 07:00:00,15.16,0.0,34.3,69.7
2016-07-15 08:00:00,15.595833333333333,0.0,126.5,69.58333333333333
2016-07-15 09:00:00,17.163636363636364,0.09090909090909091,190.63636363636363,63.54545454545455
2016-07-15 10:00:00,17.825000000000003,2.5,305.5833333333333,60.416666666666664
2016-07-15 11:00:00,18.458333333333332,0.8333333333333334,271.75,55.583333333333336
2016-07-15 12:00:00,18.84583333333333,0.6666666666666666,311.1666666666667,54.083333333333336
2016-07-15 13:00:00,19.462500000000002,3.9166666666666665,463.8333333333333,54.833333333333336
2016-07-15 14:00:00,20.008333333333336,42.25,466.3333333333333,53.0
2016-07-15 15:00:00,20.2125,19.583333333333332,321.9166666666667,52.916666666666664
2016-07-15 16:00:00,19.787499999999998,0.08333333333333333,131.08333333333334,53.416666666666664
2016-07-15 17:00:00,19.783333333333335,0.0,119.0,53.416666666666664
2016-07-15 18:00:00,19.60833333333333,0.0,76.33333333333333,54.833333333333336
2016-07-15 19:00:00,19.570833333333336,0.0,42.0,54.75
2016-07-15 20:00:00,19.441666666666666,0.08333333333333333,8.833333333333334,52.333333333333336
2016-07-15 21:00:00,19.283333333333335,0.0,0.0,52.416666666666664
2016-07-15 22:00:00,19.029166666666665,0.0,0.0,53.083333333333336
2016-07-15 23:00:00,18.812499999999996,0.0,0.0,53.583333333333336
2016-07-16 00:00:00,18.575,0.0,0.0,53.0
2016-07-16 01:00:00,18.291666666666668,0.0,0.0,52.75
2016-07-16 02:00:00,17.325,0.0,0.0,57.083333333333336
2016-07-16 03:00:00,16.720833333333335,0.0,0.0,58.666666666666664
2016-07-16 04:00:00,16.84583333333333,0.0,0.0,56.833333333333336
2016-07-16 05:00:00,17.145454545454548,0.0,0.0,54.63636363636363
2016-07-16 06:00:00,16.566666666666666,0.0,5.083333333333333,55.416666666666664
2016-07-16 07:00:00,15.283333333333331,0.0,28.5,61.0
2016-07-16 08:00:00,13.787500000000001,0.0,40.75,68.0
2016-07-16 09:00:00,13.370833333333332,0.0,49.833333333333336,71.91666666666667
2016-07-16 10:00:00,13.316666666666665,0.0,69.41666666666667,76.58333333333333
2016-07-16 11:00:00,13.113636363636363,0.0,67.45454545454545,79.18181818181819
2016-07-16 12:00:00,13.0375,0.0,71.41666666666667,80.58333333333333
2016-07-16 13:00:00,13.004166666666665,0.0,86.25,80.83333333333333
2016-07-16 14:00:00,13.191666666666668,0.0,92.5,77.58333333333333
2016-07-16 15:00:00,13.975,0.0,154.25,74.91666666666667
2016-07-16 16:00:00,15.033333333333331,0.0,103.75,70.83333333333333
2016-07-16 17:00:00,15.566666666666665,0.0,42.75,69.91666666666667
2016-07-16 18:00:00,16.329166666666662,0.0,22.583333333333332,64.83333333333333
2016-07-16 19:00:00,16.679166666666667,0.0,14.083333333333334,63.166666666666664
2016-07-16 20:00:00,16.283333333333335,0.0,0.0,66.08333333333333
2016-07-16 21:00:00,16.237499999999997,0.0,0.0,65.91666666666667
2016-07-16 22:00:00,15.412500000000001,0.0,0.0,71.66666666666667
2016-07-16 23:00:00,15.425000000000004,0.0,0.0,71.91666666666667
2016-07-17 00:00:00,15.662500000000003,0.0,0.0,69.41666666666667
2016-07-17 01:00:00,15.620833333333335,0.0,0.0,70.25
2016-07-17 02:00:00,14.808333333333332,0.0,0.0,76.58333333333333
2016-07-17 03:00:00,14.733333333333334,0.0,0.0,77.75
2016-07-17 04:00:00,14.76818181818182,0.0,0.0,76.54545454545455
2016-07-17 05:00:00,14.504166666666665,0.0,2.0,79.08333333333333
2016-07-17 06:00:00,14.379166666666668,0.0,22.583333333333332,82.16666666666667
2016-07-17 07:00:00,15.262500000000001,3.8333333333333335,94.58333333333333,77.58333333333333
2016-07-17 08:00:00,16.875,47.416666666666664,223.91666666666666,71.25
2016-07-17 09:00:00,17.845833333333335,11.916666666666666,275.75,65.75
2016-07-17 10:00:00,18.920833333333334,44.583333333333336,376.1666666666667,68.0
2016-07-17 11:00:00,21.429166666666664,534.3333333333334,393.1666666666667,60.166666666666664
2016-07-17 12:00:00,22.94545454545455,4.090909090909091,371.72727272727275,52.18181818181818
2016-07-17 13:00:00,24.262500000000003,190.41666666666666,487.75,49.5
2016-07-17 14:00:00,25.55,583.3636363636364,311.27272727272725,45.90909090909091
2016-07-17 15:00:00,26.441666666666666,586.8333333333334,285.3333333333333,43.0
2016-07-17 16:00:00,25.545833333333334,186.75,227.5,46.083333333333336
2016-07-17 17:00:00,25.195833333333336,186.0,197.25,46.833333333333336
2016-07-17 18:00:00,25.39583333333334,196.75,82.33333333333333,47.0
2016-07-17 19:00:00,23.120833333333334,0.0,15.5,56.166666666666664
2016-07-17 20:00:00,22.64583333333334,17.666666666666668,6.25,59.333333333333336
2016-07-17 21:00:00,22.454166666666666,0.0,0.0,58.5
2016-07-17 22:00:00,20.895833333333332,0.0,0.0,66.0
2016-07-17 23:00:00,19.80416666666667,0.0,0.0,68.66666666666667
2016-07-18 00:00:00,18.858333333333334,0.0,0.0,70.41666666666667
2016-07-18 01:00:00,18.891666666666666,0.0,0.0,71.41666666666667
2016-07-18 02:00:00,20.629166666666666,0.0,0.0,62.5
2016-07-18 03:00:00,20.649999999999995,0.0,0.0,63.166666666666664
2016-07-18 04:00:00,19.216666666666665,0.0,0.0,70.25
2016-07-18 05:00:00,17.895454545454545,0.0,1.7272727272727273,76.81818181818181
2016-07-18 06:00:00,17.645833333333332,0.16666666666666666,20.333333333333332,79.0
2016-07-18 07:00:00,18.983333333333334,3.0833333333333335,92.5,73.83333333333333
2016-07-18 08:00:00,20.716666666666665,1.5833333333333333,178.75,70.16666666666667
2016-07-18 09:00:00,23.445833333333336,290.25,316.25,66.83333333333333
2016-07-18 10:00:00,25.770833333333332,735.25,133.5,59.25
2016-07-18 11:00:00,27.02083333333334,833.3333333333334,90.0,51.166666666666664
2016-07-18 12:00:00,28.21666666666667,850.5,89.08333333333333,45.5
2016-07-18 13:00:00,28.866666666666664,793.5833333333334,118.5,43.833333333333336
2016-07-18 14:00:00,29.21249999999999,530.75,204.58333333333334,42.333333333333336
2016-07-18 15:00:00,30.3625,513.25,281.0,41.5
2016-07-18 16:00:00,30.779166666666665,574.75,224.75,40.75
2016-07-18 17:00:00,30.186363636363637,521.0909090909091,125.63636363636364,41.72727272727273
2016-07-18 18:00:00,29.525000000000002,622.6666666666666,58.666666666666664,42.75
2016-07-18 19:00:00,28.633333333333336,95.0,31.5,44.333333333333336
2016-07-18 20:00:00,25.76666666666667,0.0,0.16666666666666666,50.333333333333336
2016-07-18 21:00:00,22.941666666666663,0.0,0.0,60.083333333333336
2016-07-18 22:00:00,22.3875,0.0,0.0,67.83333333333333
2016-07-18 23:00:00,22.025000000000002,0.0,0.0,67.66666666666667
2016-07-19 00:00:00,21.82083333333333,0.0,0.0,65.08333333333333
2016-07-19 01:00:00,21.52916666666667,0.0,0.0,66.25
2016-07-19 02:00:00,20.9375,0.0,0.0,68.16666666666667
2016-07-19 03:00:00,20.1875,0.0,0.0,71.91666666666667
2016-07-19 04:00:00,20.066666666666666,0.0,0.0,71.33333333333333
2016-07-19 05:00:00,21.167460317460318,123.47619047619048,28.547619047619047,67.92063492063491
2016-07-19 06:00:00,22.26825396825397,246.95238095238096,57.095238095238095,64.5079365079365
2016-07-19 07:00:00,23.36904761904762,370.42857142857144,85.64285714285714,61.09523809523809
2016-07-19 08:00:00,24.46984126984127,493.9047619047619,114.19047619047619,57.68253968253968
2016-07-19 09:00:00,25.570634920634923,617.3809523809524,142.73809523809524,54.269841269841265
2016-07-19 10:00:00,26.671428571428574,740.8571428571429,171.28571428571428,50.857142857142854
2016-07-19 11:00:00,27.05416666666667,756.4166666666666,168.25,50.166666666666664
2016-07-19 12:00:00,27.09166666666667,113.16666666666667,338.9166666666667,50.833333333333336
2016-07-19 13:00:00,27.20833333333333,254.91666666666666,353.25,52.75
2016-07-19 14:00:00,28.4375,394.25,298.0,48.166666666666664
2016-07-19 15:00:00,28.28333333333333,382.1666666666667,308.5,49.583333333333336
2016-07-19 16:00:00,28.28333333333333,181.5,197.16666666666666,49.666666666666664
2016-07-19 17:00:00,27.629166666666674,251.25,114.41666666666667,51.333333333333336
2016-07-19 18:00:00,27.824999999999992,398.25,91.0,50.75
2016-07-19 19:00:00,27.587499999999995,327.0,59.416666666666664,51.0
2016-07-19 20:00:00,26.175,80.16666666666667,7.666666666666667,54.5
2016-07-19 21:00:00,24.929166666666664,0.0,0.0,59.0
2016-07-19 22:00:00,23.3125,0.0,0.0,66.08333333333333
2016-07-19 23:00:00,22.53333333333333,0.0,0.0,67.58333333333333
2016-07-20 00:00:00,21.941666666666666,0.0,0.0,69.66666666666667
2016-07-20 01:00:00,21.61666666666667,0.0,0.0,69.75
2016-07-20 02:00:00,21.96666666666667,0.0,0.0,67.75
2016-07-20 03:00:00,20.929166666666667,0.0,0.0,70.83333333333333
2016-07-20 04:00:00,20.10909090909091,0.0,0.0,72.81818181818181
2016-07-20 05:00:00,19.20909090909091,16.272727272727273,4.2727272727272725,78.27272727272727
2016-07-20 06:00:00,19.525,288.0,46.5,79.41666666666667
2016-07-20 07:00:00,61.56666666666666,155.25,138.5,73.75
2016-07-20 08:00:00,24.14166666666667,472.3333333333333,201.0,69.91666666666667
2016-07-20 09:00:00,25.045833333333338,79.83333333333333,316.1666666666667,68.08333333333333
2016-07-20 10:00:00,27.545833333333334,427.75,361.5833333333333,60.333333333333336
2016-07-20 11:00:00,28.46666666666667,595.5,267.8333333333333,57.083333333333336
2016-07-20 12:00:00,29.662499999999998,775.1666666666666,202.25,47.333333333333336
2016-07-20 13:00:00,29.675000000000008,794.9166666666666,230.0,47.0
2016-07-20 14:00:00,63.13333333333333,421.0,307.75,45.75
2016-07-20 15:00:00,171.26666666666665,149.83333333333334,257.25,45.5
2016-07-20 16:00:00,29.69583333333333,152.5,206.08333333333334,46.666666666666664
2016-07-20 17:00:00,29.549999999999997,333.0833333333333,151.41666666666666,47.333333333333336
2016-07-20 18:00:00,29.366666666666664,558.1666666666666,79.58333333333333,48.333333333333336
2016-07-20 19:00:00,28.487499999999997,358.75,45.0,50.75
2016-07-20 20:00:00,27.458333333333332,33.333333333333336,7.583333333333333,53.583333333333336
2016-07-20 21:00:00,25.545833333333334,0.0,0.0,61.583333333333336
2016-07-20 22:00:00,24.670833333333334,0.0,0.0,64.33333333333333
2016-07-20 23:00:00,24.254166666666666,0.0,0.0,65.0
2016-07-21 00:00:00,24.04583333333333,0.0,0.0,63.25
2016-07-21 01:00:00,23.549999999999997,0.0,0.0,63.0
2016-07-21 02:00:00,23.224999999999998,0.0,0.0,61.916666666666664
2016-07-21 03:00:00,22.945833333333336,0.0,0.0,61.75
2016-07-21 04:00:00,22.258333333333336,0.0,0.0,63.583333333333336
2016-07-21 05:00:00,21.666666666666668,3.5,2.6666666666666665,65.83333333333333
2016-07-21 06:00:00,21.79090909090909,191.72727272727272,59.09090909090909,69.0909090909091
2016-07-21 07:00:00,22.675,468.9166666666667,81.08333333333333,67.08333333333333
2016-07-21 08:00:00,23.822222222222223,625.8888888888889,107.44444444444444,65.55555555555556
2016-07-21 09:00:00,25.875,695.8333333333334,130.5,61.083333333333336
2016-07-21 10:00:00,27.725000000000005,756.4166666666666,138.91666666666666,57.333333333333336
2016-07-21 11:00:00,28.575,773.75,154.66666666666666,57.0
2016-07-21 12:00:00,29.82083333333333,800.3333333333334,152.5,53.166666666666664
2016-07-21 13:00:00,30.275000000000002,794.75,184.16666666666666,51.583333333333336
2016-07-21 14:00:00,31.075,638.1666666666666,242.33333333333334,50.583333333333336
2016-07-21 15:00:00,31.154166666666665,650.25,217.0,49.5
2016-07-21 16:00:00,31.02916666666667,484.9166666666667,186.75,50.166666666666664
2016-07-21 17:00:00,30.799999999999997,631.0,123.0,51.083333333333336
2016-07-21 18:00:00,29.95416666666667,254.75,91.66666666666667,53.5
2016-07-21 19:00:00,29.1875,133.83333333333334,61.0,55.5
2016-07-21 20:00:00,28.370833333333334,20.916666666666668,13.666666666666666,57.083333333333336
2016-07-21 21:00:00,27.295833333333334,0.0,0.0,61.083333333333336
2016-07-21 22:00:00,26.004166666666663,0.0,0.0,65.5
2016-07-21 23:00:00,25.52083333333334,0.0,0.0,66.75
