Timestamp,CO2zgb
2016-06-22 00:00:00,2505.6666666666665
2016-06-22 01:00:00,2491.964285714286
2016-06-22 02:00:00,2479.5263157894738
2016-06-22 03:00:00,2465.84375
2016-06-22 04:00:00,2463.0625
2016-06-22 05:00:00,2449.931818181818
2016-06-22 06:00:00,2432.978723404255
2016-06-22 07:00:00,2404.5
2016-06-22 08:00:00,2385.176470588235
2016-06-22 09:00:00,2344.906976744186
2016-06-22 10:00:00,2280.2065217391305
2016-06-22 11:00:00,2206.48
2016-06-22 12:00:00,2133.2363636363634
2016-06-22 13:00:00,2047.6019417475727
2016-06-22 14:00:00,2017.7570093457944
2016-06-22 15:00:00,1979.5428571428572
2016-06-22 16:00:00,1977.2978723404256
2016-06-22 17:00:00,1989.25
2016-06-22 18:00:00,2006.6521739130435
2016-06-22 19:00:00,2036.0983606557377
2016-06-22 20:00:00,2032.74
2016-06-22 21:00:00,2044.15
2016-06-22 22:00:00,2044.576923076923
2016-06-22 23:00:00,2052.3076923076924
2016-06-23 00:00:00,2054.0
2016-06-23 01:00:00,2048.5172413793102
2016-06-23 02:00:00,2054.9
2016-06-23 03:00:00,2068.137931034483
2016-06-23 04:00:00,2070.4545454545455
2016-06-23 05:00:00,2072.705882352941
2016-06-23 06:00:00,2075.2727272727275
2016-06-23 07:00:00,2082.2571428571428
2016-06-23 08:00:00,2062.7567567567567
2016-06-23 09:00:00,2073.8350515463917
2016-06-23 10:00:00,2181.542857142857
2016-06-23 11:00:00,2174.7714285714287
2016-06-23 12:00:00,2313.0
2016-06-23 13:00:00,2424.766666666667
2016-06-23 14:00:00,2478.4583333333335
2016-06-23 15:00:00,2253.5974025974024
2016-06-23 16:00:00,2246.5479452054797
2016-06-23 17:00:00,2376.9298245614036
2016-06-23 18:00:00,2013.1904761904761
2016-06-23 19:00:00,1960.5263157894738
2016-06-23 20:00:00,1963.92
2016-06-23 21:00:00,1952.7272727272727
2016-06-23 22:00:00,1938.96
2016-06-23 23:00:00,1931.6896551724137
2016-06-24 00:00:00,1942.4
2016-06-24 01:00:00,1927.0666666666666
2016-06-24 02:00:00,1942.2
2016-06-24 03:00:00,1941.8181818181818
2016-06-24 04:00:00,1950.0666666666666
2016-06-24 05:00:00,1948.5348837209303
2016-06-24 06:00:00,1960.4285714285713
2016-06-24 07:00:00,1948.2
2016-06-24 08:00:00,2190.9384615384615
2016-06-24 09:00:00,2572.705882352941
2016-06-24 10:00:00,2819.964285714286
2016-06-24 11:00:00,2808.1666666666665
2016-06-24 12:00:00,2547.4864864864867
2016-06-24 13:00:00,2820.735294117647
2016-06-24 14:00:00,3008.625
2016-06-24 15:00:00,3132.0810810810813
2016-06-24 16:00:00,3217.5
2016-06-24 17:00:00,3133.1020408163267
2016-06-24 18:00:00,2880.62
2016-06-24 19:00:00,2712.08
2016-06-24 20:00:00,2598.0754716981132
2016-06-24 21:00:00,2493.9523809523807
2016-06-24 22:00:00,2406.1935483870966
2016-06-24 23:00:00,2339.653846153846
2016-06-25 00:00:00,2280.793103448276
2016-06-25 01:00:00,2245.75
2016-06-25 02:00:00,2219.9615384615386
2016-06-25 03:00:00,2195.375
2016-06-25 04:00:00,2176.222222222222
2016-06-25 05:00:00,2175.5384615384614
2016-06-25 06:00:00,2150.1785714285716
2016-06-25 07:00:00,2124.5106382978724
2016-06-25 08:00:00,2103.530303030303
2016-06-25 09:00:00,2120.5208333333335
2016-06-25 10:00:00,2096.4464285714284
2016-06-25 11:00:00,2020.0588235294117
2016-06-25 12:00:00,1962.2857142857142
2016-06-25 13:00:00,1934.1860465116279
2016-06-25 14:00:00,1880.0958904109589
2016-06-25 15:00:00,1799.18
2016-06-25 16:00:00,1758.157894736842
2016-06-25 17:00:00,1750.2222222222222
2016-06-25 18:00:00,1756.142857142857
2016-06-25 19:00:00,1768.5
2016-06-25 20:00:00,1786.764705882353
2016-06-25 21:00:00,1795.8529411764705
2016-06-25 22:00:00,1805.942857142857
2016-06-25 23:00:00,1817.8709677419354
2016-06-26 00:00:00,1817.8181818181818
2016-06-26 01:00:00,1820.3225806451612
2016-06-26 02:00:00,1830.2121212121212
2016-06-26 03:00:00,1832.9375
2016-06-26 04:00:00,1838.2
2016-06-26 05:00:00,1836.142857142857
2016-06-26 06:00:00,1835.4761904761904
2016-06-26 07:00:00,1828.090909090909
2016-06-26 08:00:00,1817.7272727272727
2016-06-26 09:00:00,1950.90625
2016-06-26 10:00:00,1974.142857142857
2016-06-26 11:00:00,1864.5
2016-06-26 12:00:00,1726.6538461538462
2016-06-26 13:00:00,1617.8484848484848
2016-06-26 14:00:00,1607.7666666666667
2016-06-26 15:00:00,1599.423076923077
2016-06-26 16:00:00,1593.111111111111
2016-06-26 17:00:00,1564.3809523809523
2016-06-26 18:00:00,1570.8461538461538
2016-06-26 19:00:00,1578.4117647058824
2016-06-26 20:00:00,1584.5
2016-06-26 21:00:00,1596.3
2016-06-26 22:00:00,1595.2727272727273
2016-06-26 23:00:00,1595.4705882352941
2016-06-27 00:00:00,1607.1666666666667
2016-06-27 01:00:00,1607.6666666666667
2016-06-27 02:00:00,1612.4285714285713
2016-06-27 03:00:00,1621.0
2016-06-27 04:00:00,1631.28
2016-06-27 05:00:00,1627.6153846153845
2016-06-27 06:00:00,1623.1333333333334
2016-06-27 07:00:00,1616.388888888889
2016-06-27 08:00:00,1624.4556962025317
2016-06-27 09:00:00,1821.5
2016-06-27 10:00:00,2134.525
2016-06-27 11:00:00,2502.8035714285716
2016-06-27 12:00:00,2566.2608695652175
2016-06-27 13:00:00,2525.5454545454545
2016-06-27 14:00:00,2389.2131147540986
2016-06-27 15:00:00,2269.3333333333335
2016-06-27 16:00:00,2632.38
2016-06-27 17:00:00,3029.703703703704
2016-06-27 18:00:00,3086.9032258064517
2016-06-27 19:00:00,2934.5072463768115
2016-06-27 20:00:00,2602.2363636363634
2016-06-27 21:00:00,2440.860465116279
2016-06-27 22:00:00,2308.871794871795
2016-06-27 23:00:00,2222.6190476190477
2016-06-28 00:00:00,2167.125
2016-06-28 01:00:00,2116.8
2016-06-28 02:00:00,2090.285714285714
2016-06-28 03:00:00,2065.135135135135
2016-06-28 04:00:00,2048.2758620689656
2016-06-28 05:00:00,2041.2105263157894
2016-06-28 06:00:00,2021.2894736842106
2016-06-28 07:00:00,2009.2307692307693
2016-06-28 08:00:00,2024.842105263158
2016-06-28 09:00:00,2320.5
2016-06-28 10:00:00,2378.3703703703704
2016-06-28 11:00:00,2311.551724137931
2016-06-28 12:00:00,2084.4305555555557
2016-06-28 13:00:00,2003.5421686746988
2016-06-28 14:00:00,1982.828282828283
2016-06-28 15:00:00,2029.1976744186047
2016-06-28 16:00:00,2504.127659574468
2016-06-28 17:00:00,2941.6753246753246
2016-06-28 18:00:00,3179.926315789474
2016-06-28 19:00:00,3428.961038961039
2016-06-28 20:00:00,3455.0925925925926
2016-06-28 21:00:00,3318.324324324324
2016-06-28 22:00:00,3183.233333333333
2016-06-28 23:00:00,3061.133333333333
2016-06-29 00:00:00,2954.3225806451615
2016-06-29 01:00:00,2869.7916666666665
2016-06-29 02:00:00,2774.6129032258063
2016-06-29 03:00:00,2714.464285714286
2016-06-29 04:00:00,2628.608695652174
2016-06-29 05:00:00,2581.148936170213
2016-06-29 06:00:00,2525.0555555555557
2016-06-29 07:00:00,2465.5757575757575
2016-06-29 08:00:00,2524.3417721518986
2016-06-29 09:00:00,2613.1363636363635
2016-06-29 10:00:00,2690.4842105263156
2016-06-29 11:00:00,2379.5052631578947
2016-06-29 12:00:00,2180.364705882353
2016-06-29 13:00:00,2057.0843373493976
2016-06-29 14:00:00,1982.4
2016-06-29 15:00:00,1946.5670103092784
2016-06-29 16:00:00,1954.3653846153845
2016-06-29 17:00:00,2002.9903846153845
2016-06-29 18:00:00,2046.2708333333333
2016-06-29 19:00:00,2285.0506329113923
2016-06-29 20:00:00,2398.2033898305085
2016-06-29 21:00:00,2304.4285714285716
2016-06-29 22:00:00,2283.875
2016-06-29 23:00:00,2276.409090909091
2016-06-30 00:00:00,2286.464285714286
2016-06-30 01:00:00,2276.181818181818
2016-06-30 02:00:00,2268.5925925925926
2016-06-30 03:00:00,2268.1
2016-06-30 04:00:00,2258.8947368421054
2016-06-30 05:00:00,2252.4651162790697
2016-06-30 06:00:00,2256.5
2016-06-30 07:00:00,2291.0
2016-06-30 08:00:00,2287.9135802469136
2016-06-30 09:00:00,2297.7741935483873
2016-06-30 10:00:00,2234.313953488372
2016-06-30 11:00:00,2276.12
2016-06-30 12:00:00,2333.5714285714284
2016-06-30 13:00:00,2180.0
2016-06-30 14:00:00,2101.170731707317
2016-06-30 15:00:00,2093.839285714286
2016-06-30 16:00:00,2186.2597402597403
2016-06-30 17:00:00,2287.016129032258
2016-06-30 18:00:00,2183.1041666666665
2016-06-30 19:00:00,2013.967741935484
2016-06-30 20:00:00,1888.5666666666666
2016-06-30 21:00:00,1873.2121212121212
2016-06-30 22:00:00,1942.5
2016-06-30 23:00:00,2003.3870967741937
2016-07-01 00:00:00,2009.0
2016-07-01 01:00:00,2034.0714285714287
2016-07-01 02:00:00,2024.8064516129032
2016-07-01 03:00:00,2027.5882352941176
2016-07-01 04:00:00,2031.6666666666667
2016-07-01 05:00:00,2053.9830508474574
2016-07-01 06:00:00,2063.1153846153848
2016-07-01 07:00:00,2050.8035714285716
2016-07-01 08:00:00,2157.6964285714284
2016-07-01 09:00:00,2364.1290322580644
2016-07-01 10:00:00,3095.310344827586
2016-07-01 11:00:00,3164.7948717948716
2016-07-01 12:00:00,2788.490566037736
2016-07-01 13:00:00,2405.24
2016-07-01 14:00:00,2284.176470588235
2016-07-01 15:00:00,2209.4666666666667
2016-07-01 16:00:00,2182.8901098901097
2016-07-01 17:00:00,2192.883495145631
2016-07-01 18:00:00,2236.3529411764707
2016-07-01 19:00:00,2227.9864864864867
2016-07-01 20:00:00,2217.0
2016-07-01 21:00:00,2214.8695652173915
2016-07-01 22:00:00,2232.2916666666665
2016-07-01 23:00:00,2251.1428571428573
2016-07-02 00:00:00,2274.8214285714284
2016-07-02 01:00:00,2267.470588235294
2016-07-02 02:00:00,2266.0
2016-07-02 03:00:00,2261.4285714285716
2016-07-02 04:00:00,2265.4666666666667
2016-07-02 05:00:00,2260.608695652174
2016-07-02 06:00:00,2269.3529411764707
2016-07-02 07:00:00,2244.2162162162163
2016-07-02 08:00:00,2247.478873239437
2016-07-02 09:00:00,2263.430107526882
2016-07-02 10:00:00,2226.8823529411766
2016-07-02 11:00:00,2146.574468085106
2016-07-02 12:00:00,2056.1686746987953
2016-07-02 13:00:00,1979.4883720930231
2016-07-02 14:00:00,1928.1891891891892
2016-07-02 15:00:00,1884.2884615384614
2016-07-02 16:00:00,1894.3055555555557
2016-07-02 17:00:00,1883.090909090909
2016-07-02 18:00:00,1873.6666666666667
2016-07-02 19:00:00,1871.5405405405406
2016-07-02 20:00:00,1890.75
2016-07-02 21:00:00,1906.0588235294117
2016-07-02 22:00:00,1921.9545454545455
2016-07-02 23:00:00,1934.28
2016-07-03 00:00:00,1952.7058823529412
2016-07-03 01:00:00,1947.6875
2016-07-03 02:00:00,1951.2941176470588
2016-07-03 03:00:00,1963.4
2016-07-03 04:00:00,1971.5
2016-07-03 05:00:00,1964.8695652173913
2016-07-03 06:00:00,1944.2
2016-07-03 07:00:00,1944.8947368421052
2016-07-03 08:00:00,1931.5
2016-07-03 09:00:00,1931.111111111111
2016-07-03 10:00:00,1932.851851851852
2016-07-03 11:00:00,1910.75
2016-07-03 12:00:00,1881.0714285714287
2016-07-03 13:00:00,1872.421052631579
2016-07-03 14:00:00,1880.7391304347825
2016-07-03 15:00:00,1887.341463414634
2016-07-03 16:00:00,1881.590909090909
2016-07-03 17:00:00,1880.25
2016-07-03 18:00:00,1867.2
2016-07-03 19:00:00,1880.7
2016-07-03 20:00:00,1856.6764705882354
2016-07-03 21:00:00,1831.2926829268292
2016-07-03 22:00:00,1822.888888888889
2016-07-03 23:00:00,1840.65625
2016-07-04 00:00:00,1852.7058823529412
2016-07-04 01:00:00,1872.4166666666667
2016-07-04 02:00:00,1881.4814814814815
2016-07-04 03:00:00,1903.8846153846155
2016-07-04 04:00:00,1921.875
2016-07-04 05:00:00,1933.25
2016-07-04 06:00:00,1936.6285714285714
2016-07-04 07:00:00,1969.0238095238096
2016-07-04 08:00:00,2083.3088235294117
2016-07-04 09:00:00,2143.740740740741
2016-07-04 10:00:00,2138.232558139535
2016-07-04 11:00:00,2081.408163265306
2016-07-04 12:00:00,2064.6
2016-07-04 13:00:00,2293.135135135135
2016-07-04 14:00:00,2905.4473684210525
2016-07-04 15:00:00,3070.409090909091
2016-07-04 16:00:00,2704.7340425531916
2016-07-04 17:00:00,2500.4615384615386
2016-07-04 18:00:00,2452.9666666666667
2016-07-04 19:00:00,2760.7567567567567
2016-07-04 20:00:00,2979.169811320755
2016-07-04 21:00:00,2339.9803921568628
2016-07-04 22:00:00,2237.3636363636365
2016-07-04 23:00:00,2224.4166666666665
2016-07-05 00:00:00,2214.8
2016-07-05 01:00:00,2212.2
2016-07-05 02:00:00,2209.301886792453
2016-07-05 03:00:00,2216.125
2016-07-05 04:00:00,2240.684210526316
2016-07-05 05:00:00,2276.1176470588234
2016-07-05 06:00:00,2278.8035714285716
2016-07-05 07:00:00,2264.6065573770493
2016-07-05 08:00:00,2274.943181818182
2016-07-05 09:00:00,2611.9871794871797
2016-07-05 10:00:00,2697.85
2016-07-05 11:00:00,2479.203703703704
2016-07-05 12:00:00,2338.9607843137255
2016-07-05 13:00:00,2254.1075268817203
2016-07-05 14:00:00,2226.1382978723404
2016-07-05 15:00:00,2227.019047619048
2016-07-05 16:00:00,2246.3483146067415
2016-07-05 17:00:00,2522.176470588235
2016-07-05 18:00:00,2435.298076923077
2016-07-05 19:00:00,2408.6417910447763
2016-07-05 20:00:00,2385.9607843137255
2016-07-05 21:00:00,2382.810810810811
2016-07-05 22:00:00,2397.1458333333335
2016-07-05 23:00:00,2402.4
2016-07-06 00:00:00,2404.090909090909
2016-07-06 01:00:00,2392.5897435897436
2016-07-06 02:00:00,2372.282608695652
2016-07-06 03:00:00,2369.5
2016-07-06 04:00:00,2380.764705882353
2016-07-06 05:00:00,2377.8867924528304
2016-07-06 06:00:00,2366.903846153846
2016-07-06 07:00:00,2294.96
2016-07-06 08:00:00,2382.0945945945946
2016-07-06 09:00:00,2756.181818181818
2016-07-06 10:00:00,2921.452631578947
2016-07-06 11:00:00,2739.266666666667
2016-07-06 12:00:00,2591.684210526316
2016-07-06 13:00:00,2420.9375
2016-07-06 14:00:00,2579.7368421052633
2016-07-06 15:00:00,2534.4032258064517
2016-07-06 16:00:00,2467.5454545454545
2016-07-06 17:00:00,2567.304347826087
2016-07-06 18:00:00,2555.3225806451615
2016-07-06 19:00:00,2512.657142857143
2016-07-06 20:00:00,2480.32
2016-07-06 21:00:00,2474.0
2016-07-06 22:00:00,2475.060606060606
2016-07-06 23:00:00,2472.0
2016-07-07 00:00:00,2422.25
2016-07-07 01:00:00,2392.137931034483
2016-07-07 02:00:00,2376.5925925925926
2016-07-07 03:00:00,2383.9285714285716
2016-07-07 04:00:00,2374.8
2016-07-07 05:00:00,2368.159090909091
2016-07-07 06:00:00,2366.5833333333335
2016-07-07 07:00:00,2293.4032258064517
2016-07-07 08:00:00,2433.375
2016-07-07 09:00:00,2533.3406593406594
2016-07-07 10:00:00,2407.804347826087
2016-07-07 11:00:00,2345.730769230769
2016-07-07 12:00:00,2270.6530612244896
2016-07-07 13:00:00,2196.237113402062
2016-07-07 14:00:00,2174.5346534653463
2016-07-07 15:00:00,2236.733333333333
2016-07-07 16:00:00,2556.185185185185
2016-07-07 17:00:00,2617.84375
2016-07-07 18:00:00,2793.5616438356165
2016-07-07 19:00:00,2818.9454545454546
2016-07-07 20:00:00,2943.875
2016-07-07 21:00:00,2870.551724137931
2016-07-07 22:00:00,2826.0
2016-07-07 23:00:00,2797.5
2016-07-08 00:00:00,2769.2608695652175
2016-07-08 01:00:00,2737.9
2016-07-08 02:00:00,2702.4444444444443
2016-07-08 03:00:00,2676.2
2016-07-08 04:00:00,2644.0833333333335
2016-07-08 05:00:00,2611.153846153846
2016-07-08 06:00:00,2589.4375
2016-07-08 07:00:00,2370.909090909091
2016-07-08 08:00:00,2623.0
2016-07-08 09:00:00,3087.746031746032
2016-07-08 10:00:00,3317.609756097561
2016-07-08 11:00:00,2913.046875
2016-07-08 12:00:00,2600.15
2016-07-08 13:00:00,2514.0849056603774
2016-07-08 14:00:00,2485.837837837838
2016-07-08 15:00:00,2629.5862068965516
2016-07-08 16:00:00,2666.0467289719627
2016-07-08 17:00:00,3165.32
2016-07-08 18:00:00,3256.6031746031745
2016-07-08 19:00:00,3008.9
2016-07-08 20:00:00,2894.826923076923
2016-07-08 21:00:00,2806.695652173913
2016-07-08 22:00:00,2780.9
2016-07-08 23:00:00,2770.8571428571427
2016-07-09 00:00:00,2751.757575757576
2016-07-09 01:00:00,2706.782608695652
2016-07-09 02:00:00,2681.4
2016-07-09 03:00:00,2662.181818181818
2016-07-09 04:00:00,2630.823529411765
2016-07-09 05:00:00,2605.5625
2016-07-09 06:00:00,2575.65
2016-07-09 07:00:00,2538.1951219512193
2016-07-09 08:00:00,2735.7727272727275
2016-07-09 09:00:00,3089.521276595745
2016-07-09 10:00:00,3141.7659574468084
2016-07-09 11:00:00,2917.375
2016-07-09 12:00:00,2751.7291666666665
2016-07-09 13:00:00,2564.0934579439254
2016-07-09 14:00:00,2413.0864197530864
2016-07-09 15:00:00,2292.274509803922
2016-07-09 16:00:00,2257.4615384615386
2016-07-09 17:00:00,2229.78125
2016-07-09 18:00:00,2220.44
2016-07-09 19:00:00,2213.233333333333
2016-07-09 20:00:00,2234.6363636363635
2016-07-09 21:00:00,2237.0
2016-07-09 22:00:00,2242.0714285714284
2016-07-09 23:00:00,2260.2380952380954
2016-07-10 00:00:00,2279.153846153846
2016-07-10 01:00:00,2287.0714285714284
2016-07-10 02:00:00,2286.608695652174
2016-07-10 03:00:00,2290.782608695652
2016-07-10 04:00:00,2296.5263157894738
2016-07-10 05:00:00,2298.875
2016-07-10 06:00:00,2304.875
2016-07-10 07:00:00,2287.0
2016-07-10 08:00:00,2270.125
2016-07-10 09:00:00,2225.9411764705883
2016-07-10 10:00:00,2155.904761904762
2016-07-10 11:00:00,2059.1052631578946
2016-07-10 12:00:00,1934.608695652174
2016-07-10 13:00:00,1839.2592592592594
2016-07-10 14:00:00,1777.5
2016-07-10 15:00:00,1743.6875
2016-07-10 16:00:00,1739.4583333333333
2016-07-10 17:00:00,1745.5238095238096
2016-07-10 18:00:00,1760.2857142857142
2016-07-10 19:00:00,1781.5263157894738
2016-07-10 20:00:00,1791.1
2016-07-10 21:00:00,1824.0
2016-07-10 22:00:00,1840.9444444444443
2016-07-10 23:00:00,1863.5555555555557
2016-07-11 00:00:00,1882.0243902439024
2016-07-11 01:00:00,1889.909090909091
2016-07-11 02:00:00,1897.6060606060605
2016-07-11 03:00:00,1923.0
2016-07-11 04:00:00,1930.625
2016-07-11 05:00:00,1927.64
2016-07-11 06:00:00,1935.4130434782608
2016-07-11 07:00:00,1942.2857142857142
2016-07-11 08:00:00,1919.3333333333333
2016-07-11 09:00:00,1981.1538461538462
2016-07-11 10:00:00,2174.7021276595747
2016-07-11 11:00:00,2090.8082191780823
2016-07-11 12:00:00,2403.7272727272725
2016-07-11 13:00:00,2639.0096153846152
2016-07-11 14:00:00,2971.2072072072074
2016-07-11 15:00:00,2972.137614678899
2016-07-11 16:00:00,3072.29203539823
2016-07-11 17:00:00,2991.8073394495414
2016-07-11 18:00:00,3196.597701149425
2016-07-11 19:00:00,3119.1285714285714
2016-07-11 20:00:00,2959.714285714286
2016-07-11 21:00:00,2883.2916666666665
2016-07-11 22:00:00,2827.1666666666665
2016-07-11 23:00:00,2745.777777777778
2016-07-12 00:00:00,2661.1111111111113
2016-07-12 01:00:00,2602.296296296296
2016-07-12 02:00:00,2575.59375
2016-07-12 03:00:00,2540.4
2016-07-12 04:00:00,2517.8125
2016-07-12 05:00:00,2462.277777777778
2016-07-12 06:00:00,2430.8
2016-07-12 07:00:00,2430.4897959183672
2016-07-12 08:00:00,2372.9402985074626
2016-07-12 09:00:00,2639.0227272727275
2016-07-12 10:00:00,2982.967213114754
2016-07-12 11:00:00,3086.913043478261
2016-07-12 12:00:00,2845.6666666666665
2016-07-12 13:00:00,2573.7631578947367
2016-07-12 14:00:00,2425.3333333333335
2016-07-12 15:00:00,2346.6428571428573
2016-07-12 16:00:00,2329.162162162162
2016-07-12 17:00:00,2336.7702702702704
2016-07-12 18:00:00,2522.6279069767443
2016-07-12 19:00:00,2745.042857142857
2016-07-12 20:00:00,2580.7586206896553
2016-07-12 21:00:00,2486.9523809523807
2016-07-12 22:00:00,2405.214285714286
2016-07-12 23:00:00,2346.4736842105262
2016-07-13 00:00:00,2329.535714285714
2016-07-13 01:00:00,2319.125
2016-07-13 02:00:00,2310.6666666666665
2016-07-13 03:00:00,2295.71875
2016-07-13 04:00:00,2274.5882352941176
2016-07-13 05:00:00,2271.65
2016-07-13 06:00:00,2260.0789473684213
2016-07-13 07:00:00,2189.78
2016-07-13 08:00:00,2174.921875
2016-07-13 09:00:00,2197.3506493506493
2016-07-13 10:00:00,2149.5714285714284
2016-07-13 11:00:00,2106.0
2016-07-13 12:00:00,2061.0
2016-07-13 13:00:00,2118.9523809523807
2016-07-13 14:00:00,2510.756097560976
2016-07-13 15:00:00,2604.7272727272725
2016-07-13 16:00:00,2617.5890410958905
2016-07-13 17:00:00,2553.431818181818
2016-07-13 18:00:00,2822.445945945946
2016-07-13 19:00:00,3184.4054054054054
2016-07-13 20:00:00,3421.1384615384613
2016-07-13 21:00:00,3173.730769230769
2016-07-13 22:00:00,3050.4
2016-07-13 23:00:00,2818.28125
2016-07-14 00:00:00,2779.5
2016-07-14 01:00:00,2683.2
2016-07-14 02:00:00,2606.35
2016-07-14 03:00:00,2518.5454545454545
2016-07-14 04:00:00,2465.7727272727275
2016-07-14 05:00:00,2429.733333333333
2016-07-14 06:00:00,2430.0
2016-07-14 07:00:00,2439.186046511628
2016-07-14 08:00:00,2392.191489361702
2016-07-14 09:00:00,2366.529411764706
2016-07-14 10:00:00,2611.7974683544303
2016-07-14 11:00:00,2783.7755102040815
2016-07-14 12:00:00,2675.6593406593406
2016-07-14 13:00:00,2638.418181818182
2016-07-14 14:00:00,2934.4285714285716
2016-07-14 15:00:00,3170.148936170213
2016-07-14 16:00:00,3222.311111111111
2016-07-14 17:00:00,3859.3469387755104
2016-07-14 18:00:00,3864.6153846153848
2016-07-14 19:00:00,3395.581818181818
2016-07-14 20:00:00,3238.3076923076924
2016-07-14 21:00:00,3117.4
2016-07-14 22:00:00,2891.6
2016-07-14 23:00:00,2727.590909090909
2016-07-15 00:00:00,2653.809523809524
2016-07-15 01:00:00,2597.8823529411766
2016-07-15 02:00:00,2564.076923076923
2016-07-15 03:00:00,2534.0
2016-07-15 04:00:00,2513.4166666666665
2016-07-15 05:00:00,2488.3333333333335
2016-07-15 06:00:00,2461.6666666666665
2016-07-15 07:00:00,2377.9423076923076
2016-07-15 08:00:00,2516.6153846153848
2016-07-15 09:00:00,2690.2608695652175
2016-07-15 10:00:00,2612.090909090909
2016-07-15 11:00:00,2479.8571428571427
2016-07-15 12:00:00,2492.6
2016-07-15 13:00:00,2475.3888888888887
2016-07-15 14:00:00,2414.2051282051284
2016-07-15 15:00:00,2358.685185185185
2016-07-15 16:00:00,2380.0
2016-07-15 17:00:00,2435.3829787234044
2016-07-15 18:00:00,2499.48
2016-07-15 19:00:00,2473.3728813559323
2016-07-15 20:00:00,2455.4901960784314
2016-07-15 21:00:00,2460.096153846154
2016-07-15 22:00:00,2455.44
2016-07-15 23:00:00,2467.2
2016-07-16 00:00:00,2478.75
2016-07-16 01:00:00,2499.0526315789475
2016-07-16 02:00:00,2519.170731707317
2016-07-16 03:00:00,2537.531914893617
2016-07-16 04:00:00,2539.5641025641025
2016-07-16 05:00:00,2535.392156862745
2016-07-16 06:00:00,2552.9285714285716
2016-07-16 07:00:00,2560.6545454545453
2016-07-16 08:00:00,2554.222222222222
2016-07-16 09:00:00,2557.037037037037
2016-07-16 10:00:00,2557.7169811320755
2016-07-16 11:00:00,2561.05
2016-07-16 12:00:00,2580.406779661017
2016-07-16 13:00:00,2589.6964285714284
2016-07-16 14:00:00,2600.1911764705883
2016-07-16 15:00:00,2797.1929824561403
2016-07-16 16:00:00,2806.1071428571427
2016-07-16 17:00:00,2814.4137931034484
2016-07-16 18:00:00,2858.425
2016-07-16 19:00:00,2837.7105263157896
2016-07-16 20:00:00,2785.0188679245284
2016-07-16 21:00:00,2637.703703703704
2016-07-16 22:00:00,2602.2285714285713
2016-07-16 23:00:00,2609.205882352941
2016-07-17 00:00:00,2625.4
2016-07-17 01:00:00,2656.5714285714284
2016-07-17 02:00:00,2676.6
2016-07-17 03:00:00,2697.923076923077
2016-07-17 04:00:00,2707.7586206896553
2016-07-17 05:00:00,2739.15625
2016-07-17 06:00:00,2764.0
2016-07-17 07:00:00,2770.6774193548385
2016-07-17 08:00:00,2766.08
2016-07-17 09:00:00,2735.04
2016-07-17 10:00:00,2696.8823529411766
2016-07-17 11:00:00,2633.703703703704
2016-07-17 12:00:00,2500.0
2016-07-17 13:00:00,2476.6
2016-07-17 14:00:00,2369.4473684210525
2016-07-17 15:00:00,2833.775
2016-07-17 16:00:00,3164.2025316455697
2016-07-17 17:00:00,3511.787878787879
2016-07-17 18:00:00,3703.0882352941176
2016-07-17 19:00:00,3571.6805555555557
2016-07-17 20:00:00,3496.8
2016-07-17 21:00:00,3423.065573770492
2016-07-17 22:00:00,3361.3809523809523
2016-07-17 23:00:00,3295.0
2016-07-18 00:00:00,3283.4736842105262
2016-07-18 01:00:00,3223.125
2016-07-18 02:00:00,3161.2
2016-07-18 03:00:00,3120.4444444444443
2016-07-18 04:00:00,3075.5789473684213
2016-07-18 05:00:00,3034.76
2016-07-18 06:00:00,3029.625
2016-07-18 07:00:00,2847.2820512820513
2016-07-18 08:00:00,2868.025316455696
2016-07-18 09:00:00,3247.7395833333335
2016-07-18 10:00:00,3460.375
2016-07-18 11:00:00,3405.42
2016-07-18 12:00:00,3314.3846153846152
2016-07-18 13:00:00,3254.7636363636366
2016-07-18 14:00:00,2753.9473684210525
2016-07-18 15:00:00,2766.0459770114944
2016-07-18 16:00:00,3231.753246753247
2016-07-18 17:00:00,3564.4246575342468
2016-07-18 18:00:00,3776.512195121951
2016-07-18 19:00:00,4068.0153846153844
2016-07-18 20:00:00,4114.538461538462
2016-07-18 21:00:00,3971.7555555555555
2016-07-18 22:00:00,3829.8
2016-07-18 23:00:00,3651.0
2016-07-19 00:00:00,3597.4848484848485
2016-07-19 01:00:00,3535.3888888888887
2016-07-19 02:00:00,3462.0
2016-07-19 03:00:00,3402.8823529411766
2016-07-19 04:00:00,3368.0
2016-07-19 05:00:00,3240.47385620915
2016-07-19 06:00:00,3112.947712418301
2016-07-19 07:00:00,2985.421568627451
2016-07-19 08:00:00,2857.8954248366013
2016-07-19 09:00:00,2730.369281045752
2016-07-19 10:00:00,2602.843137254902
2016-07-19 11:00:00,2437.6129032258063
2016-07-19 12:00:00,2455.76
2016-07-19 13:00:00,2297.519230769231
2016-07-19 14:00:00,2224.5102040816328
2016-07-19 15:00:00,2287.875
2016-07-19 16:00:00,2303.8214285714284
2016-07-19 17:00:00,2261.7391304347825
2016-07-19 18:00:00,2314.714285714286
2016-07-19 19:00:00,2453.190476190476
2016-07-19 20:00:00,2551.5588235294117
2016-07-19 21:00:00,2576.92
2016-07-19 22:00:00,2564.714285714286
2016-07-19 23:00:00,2592.72
2016-07-20 00:00:00,2622.2413793103447
2016-07-20 01:00:00,2659.0833333333335
2016-07-20 02:00:00,2683.4411764705883
2016-07-20 03:00:00,2704.5666666666666
2016-07-20 04:00:00,2731.6153846153848
2016-07-20 05:00:00,2722.925925925926
2016-07-20 06:00:00,2741.6181818181817
2016-07-20 07:00:00,2796.3714285714286
2016-07-20 08:00:00,3211.4523809523807
2016-07-20 09:00:00,3300.0
2016-07-20 10:00:00,3322.721649484536
2016-07-20 11:00:00,3181.3253012048194
2016-07-20 12:00:00,2985.7466666666664
2016-07-20 13:00:00,2783.2571428571428
2016-07-20 14:00:00,2580.62
2016-07-20 15:00:00,3153.542857142857
2016-07-20 16:00:00,3546.967741935484
2016-07-20 17:00:00,3648.1807228915663
2016-07-20 18:00:00,3960.684210526316
2016-07-20 19:00:00,4136.630769230769
2016-07-20 20:00:00,3877.9661016949153
2016-07-20 21:00:00,3752.125
2016-07-20 22:00:00,3649.5333333333333
2016-07-20 23:00:00,3502.923076923077
2016-07-21 00:00:00,3336.5882352941176
2016-07-21 01:00:00,3182.0
2016-07-21 02:00:00,3075.84
2016-07-21 03:00:00,3040.4
2016-07-21 04:00:00,3008.0
2016-07-21 05:00:00,2996.0588235294117
2016-07-21 06:00:00,2991.45
2016-07-21 07:00:00,2952.064516129032
2016-07-21 08:00:00,3311.714285714286
2016-07-21 09:00:00,3488.3535353535353
2016-07-21 10:00:00,3281.4117647058824
2016-07-21 11:00:00,3065.0
2016-07-21 12:00:00,2975.878048780488
2016-07-21 13:00:00,2816.3636363636365
2016-07-21 14:00:00,2714.408163265306
2016-07-21 15:00:00,2685.4375
2016-07-21 16:00:00,2677.631067961165
2016-07-21 17:00:00,2696.846153846154
2016-07-21 18:00:00,2743.653333333333
2016-07-21 19:00:00,2815.7323943661972
2016-07-21 20:00:00,2528.5142857142855
2016-07-21 21:00:00,2457.5138888888887
2016-07-21 22:00:00,2531.521739130435
2016-07-21 23:00:00,2579.0714285714284
